"word1","word2","word3","word4"
"a","dɔ̂","a","gâ"
"a","ni","šɨ̂ʔ","ni"
"a","pa","a","nɛ̀ʔ"
"a","pū","a","pi"
"a","šàʔ","a","yûʔ"
"a","ví","a","ni"
"a","yùʔ","a","šàʔ"
"á","phèʔ","á","lɛ̀ʔ"
"á","qàʔ","á","ji"
"á","qàʔ","á","kɨ"
"á","qhɔ","yɛ̀","qhɔ"
"á","thɔ","á","thèʔ"
"â","cɨ̀","â","qɔ"
"â","qā","â","ŋɔ"
"â","qā","â","ŋə"
"bâʔ","ɨ̄","vê","ɨ̄"
"bè","tù","lɔ̂","tù"
"bè","ve","lɔ̂","ve"
"bî","la","mâ","la"
"bî","qay","yɨ̂","qay"
"bo","hày","ší","hày"
"bo","khɔ̂","ší","khɔ̂"
"bo","lî","ší","lî"
"bo","lɔ̀","ší","lɔ̀"
"bo","mìʔ","ší","mìʔ"
"bo","mɛ̀","ší","mɛ̀"
"bo","phɔ̂","ší","phɔ̂"
"bo","pɨ","bo","cū"
"bo","pɨ","bo","lɔ̀"
"bo","te","ší","te"
"bo","ɨ̄","ší","ɨ̄"
"bon","mìʔ","ší","mìʔ"
"bôʔ","qay","jâʔ","qay"
"bu","li","šêʔ","li"
"bù","ve","šâ","ve"
"bú","ɛ̀","phī","ɛ̀"
"bwɛ̂","qɔ̀ʔ","bwɛ̂","le"
"bɔ̂ʔ","g̈a","šà","g̈a"
"bɔ̄","tìʔ","bɔ̄","šɛ́n"
"bə","ve","dê","ve"
"bɛ̀","ve","kɨ̂","ve"
"bɨ̂","ɛ̀","bô","ɛ̀"
"bɨ̂ʔ","dàʔ","càʔ","dàʔ"
"bɨ̂ʔ","hə̂ʔ","càʔ","hə̂ʔ"
"bɨ̂ʔ","lòʔ","cɛ̄","lòʔ"
"ca","bə","ca","qháy"
"ca","câ","g̈àʔ","câ"
"ca","chî","ca","tâʔ"
"ca","chî","ca","ŋā"
"ca","jûʔ","ca","bè"
"ca","lí","ca","khâ"
"ca","lí","ca","mā"
"ca","lî","ca","phə̀"
"ca","phûʔ","ca","tɔ̄"
"ca","qhɔ̂","ca","na"
"ca","šôʔ","ca","va"
"ca","ve","g̈àʔ","ve"
"ca","ve","lɔ̀","ve"
"cà","cî","cà","yɛ̀"
"cà","mû","cà","pɛ"
"cà","nû","cà","pɛ"
"cà","šī","cà","nu"
"cà","šī","cà","qha"
"cà","šɨ́","g̈ɨ̀","šɨ́"
"cà","tìʔ","na","tìʔ"
"càw","bà","càw","mə̂"
"càw","mɔ","càw","tû"
"càw","pâʔ","càw","kɛ̄"
"càw","ɨ̄","mî","ɨ̄"
"càʔ","kə","nɔ́","kə"
"càʔ","nà","càʔ","lá"
"cá","thàʔ","cá","ma"
"câ","bon","dɔ̀","bon"
"câ","bûʔ","dɔ̀","bûʔ"
"câ","cèʔ","dɔ̀","cèʔ"
"câ","cûʔ","dɔ̀","cûʔ"
"câ","khɛ̂","dɔ̀","khɛ̂"
"câ","lî","dɔ̀","lî"
"câ","lu","câ","thâʔ"
"câ","lɔ̀ʔ","dɔ̀","lɔ̀ʔ"
"câ","lə́","dɔ̀","lə́"
"câ","ni","lɔ̂","ni"
"câ","phə́","dɔ̀","phə́"
"câ","pò","câ","lə́"
"câ","qhôʔ","dɔ̀","qhôʔ"
"câ","qhə","dɔ̀","qhə"
"câ","šêʔ","dɔ̀","šêʔ"
"câ","ší","dɔ̀","ší"
"câ","ta","dɔ̀","ta"
"câ","tìʔ","dɔ̀","tìʔ"
"câ","tù","dɔ̀","tù"
"câ","ú","dɔ̀","ú"
"câ","ve","dɔ̀","ve"
"câ","yàʔ","dɔ̀","yàʔ"
"câ","yɛ̀","dɔ̀","yɛ̀"
"câ","ɨ̄","dɔ̀","ɨ̄"
"câʔ","mɨ̀","khɨ̀","mɨ̀"
"cā","ve","tɔ","ve"
"ce","tìʔ","ce","šɛ́"
"ce","tìʔ","ce","šɛ́n"
"cèʔ","la","bî","la"
"cê","ha","cà","ha"
"cê","hu","cà","hu"
"cê","hu","šâʔ","hu"
"cê","hwɛ̀","cà","hwɛ̀"
"cê","khɔ̂ʔ","cà","khɔ̂ʔ"
"cê","phɔ̂","cà","phɔ̂"
"cê","qā","cà","qā"
"cê","qhâ","cà","qhâ"
"cê","qhôʔ","cà","qhôʔ"
"cê","ta","cà","ta"
"cê","vā","cê","šɛ́"
"cē","šɛ̄","qha","šɛ̄"
"cē","ve","tɔ̂","ve"
"chà","ni","lɔ̂","ni"
"chà","ni","tɛ̂ʔ","ni"
"chà","phûʔ","chà","mɔ̀"
"chà","tɔ̂ʔ","yù","tɔ̂ʔ"
"chè","tá","tɛ","tá"
"chèʔ","nà","jɨ̂ʔ","nà"
"chèʔ","nà","šɨ","nà"
"chêʔ","qay","mɛ́","qay"
"chi","cə̀","chi","yān"
"chi","cə̀","qɔ̂","cə̀"
"chi","dɔ̂","chi","pɔ̄"
"chi","fū","qɔ̂","fū"
"chi","gâ","chi","pɔ̄"
"chi","ma","ô","ma"
"chi","mɔ̂ʔ","ha","mɔ̂ʔ"
"chi","tɔ","chi","ná"
"chî","bà","vɛ","bà"
"chî","cā","màʔ","cā"
"chî","dàʔ","ŋā","dàʔ"
"chî","lâ","ŋā","lâ"
"chî","pî","ŋā","pî"
"chî","ve","tâʔ","ve"
"chî","ve","ŋā","ve"
"chî","ɨ̄","chî","mu"
"chò","dɔ̂","ô","dɔ̂"
"chò","kàʔ","ô","kàʔ"
"chò","pá","ô","pá"
"chò","qôʔ","ô","qôʔ"
"chò","šɨ","chò","pá"
"chú","ɛ̀","bí","ɛ̀"
"chɔ","bɔ̀","chɔ","kâʔ"
"chɔ","cà","chɔ","lɔ̂"
"chɔ","chàʔ","chɔ","chîʔ"
"chɔ","chɨ̂ʔ","chɔ","qhɔ̂ʔ"
"chɔ","cə̀","chɔ","qhâ"
"chɔ","g̈û","chɔ","g̈ɔ̂ʔ"
"chɔ","ha","vâ","ha"
"chɔ","hwɛ̀","vâ","hwɛ̀"
"chɔ","hɛ","vâ","hɛ"
"chɔ","khɔ̀ʔ","chɔ","jûʔ"
"chɔ","khɔ̂","chɔ","šá"
"chɔ","lî","vâ","lî"
"chɔ","lù","chɔ","chàʔ"
"chɔ","lù","chɔ","fɨ"
"chɔ","lù","chɔ","kɨ̂"
"chɔ","lù","chɔ","phɨ"
"chɔ","mō","chɔ","cû"
"chɔ","mɔ̂","chɔ","ho"
"chɔ","mɔ̂","chɔ","kɛ́"
"chɔ","mɔ̂","chɔ","qú"
"chɔ","phôʔ","chɔ","dì"
"chɔ","phɔ̂","vâ","phɔ̂"
"chɔ","pɔ","chɔ","ša"
"chɔ","qa","lâ","qa"
"chɔ","qa","vâ","qa"
"chɔ","qā","chɔ","bɨ̀"
"chɔ","qā","chɔ","pɔ̂"
"chɔ","qhôʔ","vâ","qhôʔ"
"chɔ","qhɔ̂","chɔ","nâʔ"
"chɔ","šī","chɔ","lâʔ"
"chɔ","ta","vàʔ","ta"
"chɔ","ta","vâ","ta"
"chɔ","tì","chɔ","tɔ̂"
"chɔ","tɛ̀","chɔ","na"
"chɔ","vā","chɔ","šɛ́"
"chɔ","yâ","vâ","yâ"
"chɔ","ɛ́","vâ","ɛ́"
"chɔ","ɨ̄","chɔ","i"
"chɔ","ɨ̄","chɔ","ɛ́"
"chɛ","kə","chɛ","ma"
"chɛ̂","hā","chɛ̂","chɔ̂"
"chɛ̂","hā","cɔ̀","hā"
"chɛ̂","kɨ̀","cɔ̀","kɨ̀"
"chɛ̂","kɨ̀","mɨ","kɨ̀"
"chɛ̂","ša","chɛ̂","cɔ̀"
"chɛ̂","ša","cɔ̀","ša"
"chɛ̂","ti","cɔ̀","ti"
"chɛ̂","ve","cɔ̀","ve"
"chɨ","pā","chɨ","ma"
"chɨ̂","phu","chɨ̂","kɛ̄"
"chɨ̂ʔ","ve","châʔ","ve"
"cí","ɛ̀","chə","ɛ̀"
"co","cá","ha","cá"
"co","câʔ","ha","câʔ"
"co","cɛ̀","ha","cɛ̀"
"co","nû","ha","nû"
"co","phàʔ","la","phàʔ"
"co","pɨ","co","lɔ̀"
"co","tìʔ","co","šɛ́"
"co","tìʔ","ha","tìʔ"
"co","vêʔ","šɛ́","vêʔ"
"co","yɨ̀","ha","yɨ̀"
"co","ŋâʔ","ha","ŋâʔ"
"cu","mɛ̂ʔ","cɨ́","mɛ̂ʔ"
"cùʔ","dàʔ","phô","dàʔ"
"cû","yī","mā","yī"
"cū","cɛ̀","ha","cɛ̀"
"cū","cɛ̀","la","cɛ̀"
"cū","phàʔ","la","phàʔ"
"cɔ́","nɛ̂ʔ","cɔ́","ku"
"cɔ̂","dàʔ","hɨ","dàʔ"
"cɔ̂","lɛ̀ʔ","cɔ̂","câ"
"cɔ̂","ve","thê","ve"
"cɔ̂ʔ","phu","cɔ̂ʔ","le"
"cɔ̄","cɨ","cɔ̄","tɛ"
"cɔ̄","phə̀ʔ","cɔ̄","khâ"
"cɔ̄","phə̀ʔ","cɔ̄","thɔ̀ʔ"
"cə̀","ve","tɔ̂","ve"
"cɨ","khɛ̄","qô","khɛ̄"
"cɨ","ni","cɨ","nâʔ"
"cɨ","tù","cɨ","yâ"
"cɨ","yâ","cá","yâ"
"cɨ̀","lâ","qɔ","lâ"
"cɨ̀","ve","qɔ","ve"
"cɨ́","cə̀","mì","cə̀"
"cɨ́","dàʔ","cá","dàʔ"
"cɨ́","qhə","nɔ́","qhə"
"cɨ̂","li","ŋɔ̂","li"
"dàʔ","khɨ̂","ja","khɨ̂"
"dàʔ","la","kɛ̀","la"
"dàʔ","ve","ja","ve"
"dàʔ","ve","khɨ̂","ve"
"dàʔ","ve","kɛ̀","ve"
"dê","dàʔ","dɔ̂ʔ","dàʔ"
"dê","dàʔ","yàʔ","dàʔ"
"dɔ̂","X","gâ","X"
"dɔ̂","hā","dɔ̂","khí"
"dɔ̂","hā","gâ","hā"
"dɔ̂","hə̀","gâ","hə̀"
"dɔ̂","khí","dɔ̂","kì"
"dɔ̂","kɛ̀","gâ","kɛ̀"
"dɔ̂","lɔ","gâ","lɔ"
"dɔ̂","lɔ̀","gâ","lɔ̀"
"dɔ̂","ma","gâ","ma"
"dɔ̂","mā","gâ","mā"
"dɔ̂","mə̂","gâ","mə̂"
"dɔ̂","ni","gâ","ni"
"dɔ̂","ni","šɔ̄","ni"
"dɔ̂","nû","dɔ̂","ša"
"dɔ̂","nɔ̂","gâ","nɔ̂"
"dɔ̂","phu","dɔ̂","nû"
"dɔ̂","phu","gâ","phu"
"dɔ̂","po","gâ","po"
"dɔ̂","pɔ̄","dɔ̂","šī"
"dɔ̂","pɔ̄","gâ","pɔ̄"
"dɔ̂","pɨ","dɔ̂","g̈ɔ̂"
"dɔ̂","pɨ","dɔ̂","lɔ̀"
"dɔ̂","pɨ","gâ","pɨ"
"dɔ̂","pɨ","kɛ̀","pɨ"
"dɔ̂","pɨ́","kə̀ʔ","pɨ́"
"dɔ̂","ša","dɔ̂","mā"
"dɔ̂","ša","gâ","ša"
"dɔ̂","šī","dɔ̂","mɔ̀"
"dɔ̂","šī","dɔ̂","phûʔ"
"dɔ̂","šī","dɔ̂","pɔ̄"
"dɔ̂","šī","gâ","šī"
"dɔ̂","šə̂","gâ","šə̂"
"dɔ̂","tìʔ","gâ","tìʔ"
"dɔ̂","tɨ̀ʔ","gâ","tɨ̀ʔ"
"dɔ̂","ve","gâ","ve"
"dɔ̂","vê","gâ","vê"
"dɔ̂","yè","gâ","yè"
"dɔ̂","yɨ̀","gâ","yɨ̀"
"dɔ̂ʔ","cɛ̀ʔ","dɔ̂ʔ","nɛ̂ʔ"
"dɔ̂ʔ","ve","jɔ̀ʔ","ve"
"dɔ̂ʔ","ve","tî","ve"
"də","li","dà","li"
"dɨ̂ʔ","ɛ̀","ô","ɛ̀"
"fây","là","fây","šɛ́"
"fâʔ","hu","ŋâʔ","hu"
"fâʔ","thɔ̄","ŋâʔ","thɔ̄"
"fâʔ","ɔ̄","ŋâʔ","ɔ̄"
"fâʔ","ɛ́","ŋâʔ","ɛ́"
"fū","tɛ","kɨ̂","tɛ"
"fū","yâ","kɨ̂","yâ"
"fɔ̂ʔ","ve","mɛ̄","ve"
"fɨ́","pî","dɛ","pî"
"fɨ̄","dàʔ","pɛ̀","dàʔ"
"fɨ̄","dàʔ","qhâ","dàʔ"
"fɨ̄","pî","šîʔ","pî"
"fɨ̄","yâ","kɨ̄","yâ"
"gà","tâʔ","gà","yàʔ"
"gàʔ","cɨ̂","gàʔ","šà"
"gàʔ","cɨ̂ʔ","gàʔ","šà"
"gâ","pɨ","gâ","lɔ̀"
"gâ","pɨ","gâ","šêʔ"
"gâʔ","cú","gâʔ","mɛ̄"
"gâʔ","pò","gâʔ","lə́"
"gâʔ","tâʔ","gâʔ","yàʔ"
"gò","ve","cɔ́","ve"
"gô","qay","šɨ","qay"
"gu","tā","hɛ̂","tā"
"gu","tā","hɛ̂n","tā"
"gûʔ","chî","bû","chî"
"gûʔ","pā","gûʔ","ma"
"gɔ̀","cu","gɔ̀","pɛ̂ʔ"
"gɔ̂","pɨ","gɔ̂","tâʔ"
"gɔ̂","pɨ̄","gɔ̂","tâʔ"
"gə̀ʔ","bà","chɔ̀ʔ","bà"
"gɛ̂","mə̂","nâʔ","mə̂"
"gɛ̂","šá","nâʔ","šá"
"gɨ̂","dàʔ","phɛ́","dàʔ"
"gɨ̂","pò","gɨ̂","lə́"
"gɨ̂","ve","phɛ́","ve"
"g̈a","câ","g̈a","dɔ̀"
"g̈a","câ","g̈a","lɛ̀ʔ"
"g̈a","cə̀","g̈a","tɔ̂"
"g̈a","lù","g̈a","lɛ"
"g̈a","mə̀ʔ","g̈a","kâʔ"
"g̈a","pɨ́","g̈a","phɛ̀ʔ"
"g̈a","və̀ʔ","g̈a","dɛ"
"g̈à","là","g̈à","mâ"
"g̈à","qay","g̈à","vɨ̂"
"g̈à","te","g̈à","dàʔ"
"g̈àʔ","mû","g̈àʔ","bùʔ"
"g̈àʔ","mû","g̈àʔ","bɔ̂ʔ"
"g̈àʔ","mû","g̈àʔ","dɔ̂ʔ"
"g̈àʔ","mû","g̈àʔ","kù"
"g̈àʔ","mû","g̈àʔ","kɨ̀"
"g̈â","i","šá","i"
"g̈â","jɛ̂","šá","jɛ̂"
"g̈â","nû","šá","nû"
"g̈â","pā","g̈â","jɔ"
"g̈â","phû","šá","phû"
"g̈â","thèʔ","g̈â","na"
"g̈â","thèʔ","šá","thèʔ"
"g̈âʔ","mû","g̈âʔ","bɔ̂ʔ"
"g̈âʔ","phu","g̈âʔ","ma"
"g̈âʔ","phu","g̈âʔ","qa"
"g̈âʔ","ú","g̈âʔ","mɛ̄"
"g̈òʔ","tɔ̂ʔ","g̈òʔ","g̈a"
"g̈ô","ve","cē","ve"
"g̈ù","kā","šɛ̄","kā"
"g̈û","câ","g̈ɔ̂ʔ","câ"
"g̈ɔ","ni","šɔ̄","ni"
"g̈ɔ","ni","tɛ̂ʔ","ni"
"g̈ɔ̀","dàʔ","thé","dàʔ"
"g̈ɔ́","ni","šôʔ","ni"
"g̈ɔ̂","cá","g̈ɔ̂","ma"
"g̈ɔ̂","cá","mà","cá"
"g̈ɔ̂","kā","g̈ɔ̂","cɨ́"
"g̈ɔ̂","kā","nà","kā"
"g̈ɔ̂","qhôʔ","nà","qhôʔ"
"g̈ɔ̂ʔ","cō","g̈ɔ̂ʔ","nɔ́"
"g̈ɨ̀","ce","há","ce"
"g̈ɨ̀","kā","há","kā"
"g̈ɨ̀","kā","šɛ̂","kā"
"g̈ɨ̀","kɛ̄","há","kɛ̄"
"g̈ɨ̀","lêʔ","há","lêʔ"
"g̈ɨ̀","lî","ša","lî"
"g̈ɨ̀","ló","há","ló"
"g̈ɨ̀","lú","há","lú"
"g̈ɨ̀","ma","ša","ma"
"g̈ɨ̀","nê","há","nê"
"g̈ɨ̀","šâʔ","há","šâʔ"
"g̈ɨ̀","yâ","pa","yâ"
"g̈ɨ̀","yâ","ša","yâ"
"ha","cà","ha","lây"
"ha","lɛ̀","ha","qa"
"ha","tɛ̄","ha","lɔ"
"hàʔ","ɨ̄","pɛ̂","ɨ̄"
"há","chɔ̂","há","pâʔ"
"há","cu","há","mɛ̂ʔ"
"há","phu","há","mɛ̂ʔ"
"há","phɔ̂","há","šī"
"há","pɨ","há","mɛ"
"há","qō","há","phɔ̂"
"hā","cú","hā","bɛ̀"
"hā","cú","hā","càʔ"
"hā","pā","g̈ɔ̂","pā"
"hā","thɔ̂","ša","thɔ̂"
"hā","ve","g̈ɔ̂","ve"
"hā","yâ","g̈ɔ̂","yâ"
"hê","kɨ̀","jɔ̀","kɨ̀"
"hê","ve","jɔ̀","ve"
"hē","lɛ̀ʔ","hē","câ"
"hē","ve","g̈û","ve"
"hē","yù","bè","yù"
"hí","yù","lu","yù"
"ho","dàʔ","cɔ̂","dàʔ"
"ho","tìʔ","ta","tìʔ"
"ho","ve","tɔ̂","ve"
"ho","yàʔ","tɔ̂","yàʔ"
"ho","ɛ̀","jo","ɛ̀"
"hó","tìʔ","ta","tìʔ"
"hôʔ","tā","bɛ","tā"
"hō","ve","bɛ","ve"
"hō","ve","kɛ̄","ve"
"hū","bo","hɔ́","bo"
"hū","bo","kî","bo"
"hū","bo","kɨ̂","bo"
"hū","lɔ̀","kɨ̂","lɔ̀"
"hū","tɛ","kî","tɛ"
"hū","tɛ","kɨ̂","tɛ"
"hū","yâ","kɨ̂","yâ"
"hū","yâ","ša","yâ"
"hū","yɛ̀","kɨ̂","yɛ̀"
"hɔ","nà","chîʔ","nà"
"hɔ","nà","jɨ̂ʔ","nà"
"hɔ","phu","hɔ","mɔ̂"
"hɔ","phu","mû","phu"
"hɔ","phû","pɛ̂","phû"
"hɔ","ve","chîʔ","ve"
"hɔ̀","câ","pâʔ","câ"
"hɔ̀","ve","kâʔ","ve"
"hɔ́","fū","g̈ɨ̀","fū"
"hɔ́","nɔ̂","hɔ́","šâ"
"hɔ̂","li","thɛ","li"
"hɔ̂ʔ","dàʔ","hwɛ̄","dàʔ"
"hɔ̂ʔ","qhɔ̀ʔ","hwɛ̄","qhɔ̀ʔ"
"hɔ̄","dàʔ","cɔ̂","dàʔ"
"hɔ̄","dàʔ","thâ","dàʔ"
"hɔ̄","li","tɛ","li"
"hɛ","jâ","hɛ","ji"
"hɛ","te","vâ","te"
"hɛ","thu","hɛ","phɔ̂"
"hɛ","thu","hɛ","tú"
"hɛ","tú","vâ","tú"
"hɛ","ú","hɛ","mi"
"hɛ","ú","hɛ","mɛ̄"
"hɛ́","lɛ̀","kû","lɛ̀"
"hɛ̂ʔ","pɨ́","hɛ̂ʔ","qhɔ"
"hɨ","dàʔ","qɔ","dàʔ"
"i","qay","mɛ́","qay"
"i","qay","yɔ̂","qay"
"jî","ve","šâ","ve"
"ju","li","jâ","li"
"jûʔ","ve","bè","ve"
"jûʔ","ve","dê","ve"
"jɔ","pā","jɔ","ma"
"jɔ","phu","jɔ","yɛ̀"
"jɔ","po","jɔ","yɛ̀"
"jɔ̀","câʔ","jɔ̀","ma"
"jɛ̀","dàʔ","cɛ̂","dàʔ"
"jɛ̀","dàʔ","tho","dàʔ"
"jɛ̀","lâ","cɛ̂","lâ"
"jɛ̀","pî","cɛ̂","pî"
"jɛ̀","tá","tho","tá"
"ka","bàʔ","ka","mâʔ"
"ka","bàʔ","ka","vê"
"ka","hó","ka","lî"
"ka","hó","ka","phā"
"ka","mâʔ","ka","vê"
"ka","ve","thɨ́","ve"
"kà","câ","kû","câ"
"kà","qhâ","kû","qhâ"
"kàw","khú","chi","khú"
"kâ","lɔ̀","kî","lɔ̀"
"kâ","phɨ̂","kâ","law"
"kâ","šɔ́","kâ","nû"
"kâ","šɛ́","kâ","g̈ɔ̀"
"kâ","tìʔ","kâ","g̈ɔ̀"
"kâ","tìʔ","kâ","lɔ̀"
"kâ","tìʔ","kâ","pâʔ"
"kâ","tìʔ","kâ","šɛ́"
"kâ","tìʔ","kâ","šɛ́n"
"kâʔ","nà","chèʔ","nà"
"kâʔ","nà","chê","nà"
"kâʔ","nà","hɔ","nà"
"kā","hó","kā","lî"
"kā","hó","kā","phā"
"kā","hó","kā","thàʔ"
"kā","lɔ̀","kî","lɔ̀"
"kā","nwɛ̀","bon","nwɛ̀"
"kā","šə̂","kî","šə̂"
"kā","ɨ̄","kî","ɨ̄"
"kha","dàʔ","lɔ̂","dàʔ"
"khā","ve","tû","ve"
"khí","kɨ̀","kɛ","kɨ̀"
"khí","ve","kì","ve"
"khí","ve","kɛ","ve"
"khí","ve","kɨ̂","ve"
"khú","cwe","nây","cwe"
"khú","nū","khú","phu"
"khú","pi","khú","thāw"
"khú","pī","khú","thāw"
"khɔ̀ʔ","cē","khɔ̀ʔ","fa"
"khɔ́","lú","khɔ́","tân"
"khɔ̂","mu","khɔ̂","nɛ̀"
"khə̀","hu","khɛ́","hu"
"khɛ̂ʔ","chɔ","vɛ","chɔ"
"khɨ","chî","khɨ","dɔ̂"
"khɨ","chû","làʔ","chû"
"khɨ","cɨ","làʔ","cɨ"
"khɨ","dɔ̂","làʔ","dɔ̂"
"khɨ","hɔ́","làʔ","hɔ́"
"khɨ","hɛ","làʔ","hɛ"
"khɨ","kîʔ","làʔ","kîʔ"
"khɨ","lɔ̀","làʔ","lɔ̀"
"khɨ","mê","làʔ","mê"
"khɨ","mə̂","làʔ","mə̂"
"khɨ","nû","làʔ","nû"
"khɨ","šɛ","làʔ","šɛ"
"khɨ","thêʔ","làʔ","thêʔ"
"khɨ","tɔ̄","làʔ","tɔ̄"
"khɨ","ú","khɨ","mɛ̄"
"khɨ","vê","làʔ","vê"
"khɨ̀","chɔ","khɛ́","chɔ"
"khɨ̀","hu","khɛ́","hu"
"khɨ̀","mɨ̀","câʔ","mɨ̀"
"khɨ̀","ve","ŋâ","ve"
"khɨ̂","gâ","nū","gâ"
"khɨ̂","ta","nū","ta"
"khɨ̂","tā","mɨ̀","tā"
"khɨ̂","tɛ","nū","tɛ"
"khɨ̂","ve","nū","ve"
"khɨ̂","yɔ̂","nū","yɔ̂"
"kì","chîʔ","mó","chîʔ"
"kî","bo","kî","ší"
"kô","hɔ́","kô","thàʔ"
"kù","hɔ̀","pâʔ","hɔ̀"
"kù","kɔ̀","kù","g̈â"
"kù","kɔ̀","kù","khî"
"kù","kɔ̀","kù","qhô"
"kù","phôʔ","kù","cùʔ"
"kù","qhɔ̀ʔ","kù","pí"
"kù","ve","e","ve"
"kù","ve","ə̂","ve"
"kū","tìʔ","kū","khâ"
"kɔ̄","ve","tɛ̂ʔ","ve"
"kə","ŋə̂","kə","khâ"
"kə","ŋə̂","kə","tìʔ"
"kə̀","ve","phâʔ","ve"
"kə̂ʔ","lù","kə̂ʔ","chîʔ"
"kə̂ʔ","tùʔ","kə̂ʔ","khí"
"kə̂ʔ","tɔ̂ʔ","pɔ","tɔ̂ʔ"
"kɛ̀","cū","kɛ̀","g̈ɔ̂"
"kɛ̀","cū","kɛ̀","šɛ́"
"kɛ̀","cū","kɛ̀","šɛ́n"
"kɛ̀","pɨ","kɛ̀","g̈ɔ̂"
"kɛ̀","pɨ","kɛ̀","lî"
"kɛ̀","pɨ","kɛ̀","šâ"
"kɛ̀","pɨ","kɛ̀","šɛ́"
"kɛ̀","pɨ","kɛ̀","šɛ́n"
"kɛ̀","pɨ","ša","pɨ"
"kɛ̀","tìʔ","kɛ̀","g̈ɔ̂"
"kɛ̀","tìʔ","kɛ̀","pɨ"
"kɛ̀","tìʔ","kɛ̀","šɛ́"
"kɛ̀","tìʔ","kɛ̀","šɛ́n"
"kɛ̀","tɛ","kɛ̀","g̈ɔ̂"
"kɛ̀","tɛ","kɛ̀","šɛ́"
"kɛ̀","tɛ","kɛ̀","šɛ́n"
"kɛ̀","ɛ̀","yì","ɛ̀"
"kɛ̀w","tɛ","kɛ̀w","šɛ́n"
"kɨ̂","bo","kɨ̂","ší"
"kɨ̂","nù","bɛ̀","nù"
"kɨ̂","ve","bɛ̀","ve"
"kɨ̄","cala","kɨ̄","hɛ"
"kɨ̄","chɨlɔ","kɨ̄","hɛ"
"kɨ̄","cɔ̀","kɨ̄","hɛ"
"kɨ̄","cɨ̀","kɨ̄","hɛ"
"kɨ̄","cɨ̀","kɨ̄","qɔ"
"kɨ̄","ni","kɨ̄","šɨ̂ʔ"
"là","pən","là","våy"
"làʔ","chî","làʔ","dɔ̂"
"làʔ","cɨ","làʔ","há"
"làʔ","há","làʔ","cɨ"
"làʔ","lɔ","làʔ","ša"
"làʔ","mə̂","khɨ","mə̂"
"làʔ","phûʔ","làʔ","qɛ́"
"làʔ","vêʔ","khɨ","vêʔ"
"làʔ","yè","làʔ","mə̂"
"láy","cə̀","láy","yā"
"láy","lɔ","láy","cə̀"
"láy","lɔ","láy","pə̀"
"láy","mə̄","láy","šɛ́"
"lèʔ","ve","phɛ̂","ve"
"lî","chi","lî","chɨ̀ʔ"
"lî","chi","lî","qhâ"
"lî","phə̀","lî","chɨ̀ʔ"
"lî","pɨ","lî","lɔ̀"
"lō","cɔ̂","cɔ̀","cɔ̂"
"lō","ve","cûʔ","ve"
"lù","kɨ̀","šêʔ","kɨ̀"
"lù","qay","šêʔ","qay"
"lù","šɨ","šêʔ","šɨ"
"lù","ve","kɨ̂","ve"
"lù","ve","pâʔ","ve"
"lù","ve","šêʔ","ve"
"lû","pɨ","lû","nɔ̀"
"lɔ","câ","lɔ","və̀ʔ"
"lɔ̀","câ","khɔ́","câ"
"lɔ̀","câ","qhâ","câ"
"lɔ̀","chàʔ","lɔ̀","chîʔ"
"lɔ̀","cɔ̀","lɔ̀","qa"
"lɔ̀","hìʔ","tâ","hìʔ"
"lɔ̀","lɛ̀ʔ","lɔ̀","câ"
"lɔ̀","qá","há","qá"
"lɔ̀","qá","lɔ̀","tū"
"lɔ̀","qhòʔ","há","qhòʔ"
"lɔ̀","qhɔ","há","qhɔ"
"lɔ̀","qhɔ̀ʔ","qhâ","qhɔ̀ʔ"
"lɔ̀","qɔ̀ʔ","há","qɔ̀ʔ"
"lɔ̀","šɔ̄","lɔ̀","qa"
"lɔ̀","tɛ","lɔ̀","g̈ɔ̂"
"lɔ̀","ve","khɔ́","ve"
"lɔ̀","ve","qhâ","ve"
"lɔ̂","ni","câ","ni"
"lə́","pò","lə́","càʔ"
"màʔ","cā","mə̂","cā"
"màʔ","cā","vâ","cā"
"má","lù","má","chàʔ"
"mâ","bî","mâ","lɔ̀ʔ"
"mâ","chî","mâ","bà"
"mâ","cɔ̂","mâ","hɔ̄"
"mâ","cɔ̂","mâ","thê"
"mâ","cɨ́","mâ","nù"
"mâ","cɨ̄","mâ","fá"
"mâ","dàʔ","mâ","na"
"mâ","dɔ̂","mâ","hā"
"mâ","dɔ̂","mâ","khí"
"mâ","fà","mâ","lí"
"mâ","g̈û","mâ","mâʔ"
"mâ","hē","mâ","fá"
"mâ","jɔ̀","mâ","khɛ̂ʔ"
"mâ","khí","mâ","lí"
"mâ","lə́","mâ","yɔ̂"
"mâ","mâ","mâ","g̈ɨ̀"
"mâ","mɔ̂","mâ","há"
"mâ","nà","mâ","gɔ̀"
"mâ","nà","mâ","šɨ"
"mâ","nɔ̂","mâ","thɛ"
"mâ","pē","mâ","pa"
"mâ","phâʔ","mâ","gɨ̂"
"mâ","phɨ̂","mâ","lāy"
"mâ","phɨ̂","mâ","lɔ̂ʔ"
"mâ","phɨ̂","mâ","thāy"
"mâ","pī","mâ","šɨ́"
"mâ","pə̀","mâ","lāy"
"mâ","pə̀","mâ","lɛ"
"mâ","qā","mâ","ŋɔ"
"mâ","šī","mâ","qɔ"
"mâ","šō","mâ","má"
"mâ","šū","mâ","má"
"mâ","šɨ","mâ","nà"
"mâ","šɨ","mâ","thāy"
"mâ","thāy","mâ","pa"
"mâ","thê","mâ","cɔ̂"
"mâ","ve","g̈ɨ̀","ve"
"mâ","ve","kɨ̂","ve"
"mâ","vɨ̂","mâ","nê"
"mâ","yàʔ","mâ","dɔ̂ʔ"
"mâ","yɔ̂ʔ","mâ","yan"
"mā","hā","šêʔ","hā"
"mā","lâ","šêʔ","lâ"
"mā","pî","šêʔ","pî"
"mā","pɨ́","šêʔ","pɨ́"
"mā","ve","šêʔ","ve"
"mā","ve","šɔ́","ve"
"mì","co","mì","vêʔ"
"mì","co","mû","co"
"mì","cú","mû","cú"
"mì","cɨ́","mì","ma"
"mì","ma","mì","qhâ"
"mì","pâʔ","há","pâʔ"
"mì","phā","mû","phā"
"mì","ti","vâ","ti"
"mî","hu","yâ","hu"
"mò","fîʔ","mò","cú"
"mò","fîʔ","mò","hôʔ"
"mò","phu","mò","nâʔ"
"mō","hí","mō","là"
"mō","là","mō","hí"
"mō","là","mō","šɛ́"
"mû","cē","mì","cē"
"mû","dù","mû","qa"
"mû","fī","mì","fī"
"mû","hɔ","mû","yè"
"mû","khɔ̂","mì","khɔ̂"
"mû","khɨ̂","mì","khɨ̂"
"mû","lu","mû","qa"
"mû","lů","mû","qa"
"mû","lɔ","mì","lɔ"
"mû","lɛ","mì","lɛ"
"mû","mɛ̂","mì","mɛ̂"
"mû","nâʔ","mû","hòʔ"
"mû","nâʔ","mû","qɛ́"
"mû","phā","mì","phā"
"mû","phe","mû","làʔ"
"mû","qhôʔ","mì","qhôʔ"
"mû","tɔ̄","mû","thɛ̂ʔ"
"mû","tɛ̄","mì","tɛ̄"
"mû","vɔ̀","mû","nâʔ"
"mû","yâ","mì","yâ"
"mɔ́","lù","mɔ́","fɨ"
"mɔ̂","cèʔ","jè","cèʔ"
"mɔ̂","nà","ši","nà"
"mɔ̂","ti","jèʔ","ti"
"mɔ̂","yɔ̂","g̈ɨ̀","yɔ̂"
"mɔ̂","yɔ̂","jè","yɔ̂"
"mə̀ʔ","jɛ̂","kâʔ","jɛ̂"
"mə̀ʔ","ló","kâʔ","ló"
"mə̀ʔ","šɨ","kâʔ","šɨ"
"mə̀ʔ","ve","jɛ̂","ve"
"mə̀ʔ","ve","kâʔ","ve"
"mə̂","cɨ̀","mə̂","qɔ"
"mə̂","nû","ha","nû"
"mə̂","phu","mə̂","cɨ́"
"mə̂","pyɔ̄","mə̂","šā"
"mə̂","vê","ha","vê"
"mə̂","vî","ha","vî"
"mə̂n","mɛ̂","mì","mɛ̂"
"mɛ̀","câʔ","gûʔ","câʔ"
"mɛ̀","câʔ","jɔ","câʔ"
"mɛ̀","chi","mɛ̀","nâʔ"
"mɛ̀","nê","gûʔ","nê"
"mɛ̀","pɨ","gûʔ","pɨ"
"mɛ̀","ve","khɨ́","ve"
"mɛ̀","yâ","jɔ","yâ"
"mɛ̂ʔ","cú","mɛ̂ʔ","qa"
"mɛ̂ʔ","ní","mɛ̂ʔ","g̈û"
"mɛ̂ʔ","ní","mɛ̂ʔ","qa"
"mɛ̂ʔ","nɔ́","mɛ̂ʔ","qɔ̀ʔ"
"mɨ","lɛ","vâ","lɛ"
"mɨ̀","câ","vâ","câ"
"mɨ̀","cā","vâ","cā"
"mɨ̀","cɨ́","vâ","cɨ́"
"mɨ̀","gà","khî","gà"
"mɨ̀","kɨ̀","vâ","kɨ̀"
"mɨ̀","qhâ","vâ","qhâ"
"mɨ̀","qhôʔ","vâ","qhôʔ"
"mɨ̀","qhɔ̄","vâ","qhɔ̄"
"mɨ̀","qhə","vâ","qhə"
"mɨ̀","šɨ́","vâ","šɨ́"
"mɨ̀","ti","vâ","ti"
"mɨ̀","tɔ̂ʔ","vâ","tɔ̂ʔ"
"mɨ̀","ú","vâ","ú"
"mɨ̀","ve","vâ","ve"
"na","bo","na","cá"
"na","dàʔ","cɛ̂","dàʔ"
"nà","bə̀","nà","qhâ"
"nà","hàʔ","nà","hɔ́"
"nà","kɨ̀","qhɔ","kɨ̀"
"nà","la","gɔ̀","la"
"nà","mû","nà","tɔ"
"nà","pìʔ","nà","yá"
"nà","pìʔ","nà","ywɛ̂"
"nà","pū","nà","ší"
"nà","tù","bâʔ","tù"
"nà","tù","gɔ̀","tù"
"nà","twɛ","nà","tâ"
"nà","ve","gɔ̀","ve"
"nà","ve","jɛ̂","ve"
"ná","qhâ","ná","bɨ̀"
"nâ","bo","nâ","cá"
"nâ","bo","nâ","ší"
"nâʔ","chɨ̂","nâʔ","ywɛ"
"nâʔ","hòʔ","nâʔ","qɛ́"
"nâʔ","mə̄","nâʔ","šī"
"nâʔ","pɛ̄","nâʔ","nɛ̂ʔ"
"nâʔ","tɔ́","nâʔ","khə̀ʔ"
"nā","g̈ɔ̂","nā","jù"
"nê","cà","nê","lɔ̂"
"nê","hày","šɛ","hày"
"nê","phɛ̀ʔ","šɛ","phɛ̀ʔ"
"ni","pî","ga","pî"
"ni","ve","kō","ve"
"ní","cɛ̀ʔ","ní","nɛ̂ʔ"
"ní","kə","hîʔ","kə"
"nú","g̈ɨ̀","nú","ma"
"nú","qhɛ̂","nú","g̈ɨ̀"
"nû","pa","hɔ","pa"
"nû","ɛ̀","nɔ̀ʔ","ɛ̀"
"nɔ̀","bú","nɔ̀","vân"
"nɔ̀","cè","nɔ̀","vâ"
"nɔ̀","cê","nɔ̀","cà"
"nɔ̀","khɨ̂","nɔ̀","yâ"
"nɔ̀","pū","nɔ̀","pi"
"nɔ̀","ú","nɔ̀","ta"
"nɔ̀","ú","nɔ̀","vâ"
"nɔ̀","yâ","nɔ̀","dù"
"nɔ̄","qay","gô","qay"
"nɔ̄","qay","hwē","qay"
"nɔ̄","qay","qɔ","qay"
"nɛ","co","yâ","co"
"nɛ","cɔ̀","nɛ","g̈û"
"nɛ","cɛ","yâ","cɛ"
"nɛ","ha","yâ","ha"
"nɛ","khî","nɛ","jɔ̀"
"nɛ","khî","nɛ","ŋâ"
"nɛ","mû","nɛ","mì"
"nɛ","nû","yâ","nû"
"nɛ","pho","yâ","pho"
"nɛ","qhâ","yâ","qhâ"
"nɛ","qhâʔ","yâ","qhâʔ"
"nɛ","to","nɛ","làʔ"
"nɛ","vɨ̀","nɛ","lɔ̀ʔ"
"nɛ́","qhɔ̀ʔ","nɛ́","ni"
"nɛ̂ʔ","nɔ̀ʔ","nɛ̂ʔ","bɛ̂ʔ"
"nɛ̂ʔ","ɛ̀","nɔ́","ɛ̀"
"ô","ɛ̀","šá","ɛ̀"
"pa","kɛ̀","pa","câʔ"
"pa","pî","thāy","pî"
"pa","ve","thāy","ve"
"pá","cèʔ","pá","bo"
"pá","mu","pá","kâʔ"
"pâʔ","hɔ̀","gâʔ","hɔ̀"
"pâʔ","hɔ̀","kù","hɔ̀"
"pâʔ","tìʔ","pâʔ","lɔ̀"
"pâʔ","tìʔ","pâʔ","yâ"
"pâʔ","yɨ̀","pâʔ","ŋɛ"
"pâʔ","ŋə̂","pâʔ","khâ"
"pā","ve","g̈ô","ve"
"pe","ki","nàʔ","ki"
"pē","ve","pa","ve"
"pha","chêʔ","pha","twɛ̂"
"pha","pêʔ","nɛ́","pêʔ"
"phàʔ","ni","phî","ni"
"phàʔ","qô","phàʔ","vâ"
"phàʔ","tà","phàʔ","mɛ̄"
"phâ","cɛ","ma","cɛ"
"phâ","in","phâ","phô"
"phâ","kà","ma","kà"
"phâ","kà","nɛ","kà"
"phâ","kû","ma","kû"
"phâ","yûʔ","phâ","yâʔ"
"phâʔ","dàʔ","gɨ̂","dàʔ"
"phâʔ","dàʔ","pɛ̀","dàʔ"
"phā","cā","vâ","cā"
"phā","ve","cē","ve"
"phā","ve","g̈ô","ve"
"phā","ve","jêʔ","ve"
"phêʔ","li","tɛ̂ʔ","li"
"phì","ɛ̀","g̈ɨ́","ɛ̀"
"phì","ɛ̀","lêʔ","ɛ̀"
"phì","ɛ̀","tɔ̄","ɛ̀"
"phí","cûʔ","nà","cûʔ"
"phí","cûʔ","nê","cûʔ"
"phí","khú","nà","khú"
"phîʔ","ɛ̀","phu","ɛ̀"
"phô","la","mâ","la"
"phôʔ","la","mâ","la"
"phu","X","ši","X"
"phu","bo","ši","bo"
"phu","ca","ši","ca"
"phu","jî","ši","jî"
"phu","li","phu","pɛ́"
"phu","li","pɛ́","li"
"phu","lòʔ","phu","tɔ̂ʔ"
"phu","lɔ̀","ši","lɔ̀"
"phu","mə̄","phu","šɛ́"
"phu","phû","ši","phû"
"phu","qhə","ši","qhə"
"phu","šī","phu","mā"
"phu","šwɛ̀","ši","šwɛ̀"
"phu","thī","ši","thī"
"phu","ve","kɛ̀","ve"
"phu","yɛ̀","ši","yɛ̀"
"phú","ɛ̀","ba","ɛ̀"
"phú","ɛ̀","du","ɛ̀"
"phú","ɛ̀","šá","ɛ̀"
"phú","ɛ̀","yò","ɛ̀"
"phûʔ","lɔ̀","hâʔ","lɔ̀"
"phɔ̂","ša","dɔ̂","ša"
"phɔ̂","ša","i","ša"
"phə̀","chɨ̀ʔ","lî","chɨ̀ʔ"
"phə̀","chɨ̀ʔ","phə̀","lî"
"phə̀","gɛ","nê","gɛ"
"phə̀","ve","vây","ve"
"phɛ","ka","phɛ","tī"
"phɛ̀ʔ","bɔ̀","phɛ̀ʔ","kâʔ"
"phɛ̀ʔ","hā","phɛ̀ʔ","chɔ̂"
"phɛ̀ʔ","la","kə̂ʔ","la"
"phɛ́","dàʔ","gɨ̂","dàʔ"
"phɛ̂","pî","pò","pî"
"phɛ̂","ve","pò","ve"
"phɨ́","ɛ̀","du","ɛ̀"
"phɨ́","ɛ̀","phú","ɛ̀"
"phɨ́","ɛ̀","yò","ɛ̀"
"phɨ̂","qay","lɔ̂ʔ","qay"
"phɨ̂","qay","lɛ","qay"
"phɨ̂","qhɛ̂","phɨ̂","vî"
"phɨ̂","te","vàʔ","te"
"phɨ̂","ve","lɔ̂ʔ","ve"
"phɨ̂","ve","thāy","ve"
"pi","cɨ","pi","qɔ"
"pi","cɨ̄","kɨ̄","cɨ̄"
"pi","cɨ̄","pi","hɛ"
"pi","tìʔ","pi","yâ"
"pì","qay","ce","qay"
"pò","mɔ̀ʔ","pò","šê"
"pò","phe","pò","làʔ"
"pò","ve","lə́","ve"
"pō","ɨ̄","pō","chə̀"
"pû","câʔ","lêʔ","câʔ"
"pû","gûʔ","pɛ̂","gûʔ"
"pû","mɛ̀","pɛ̂","mɛ̀"
"pû","pha","lêʔ","pha"
"pû","tì","pû","qɔ̄"
"pû","tɛ","lêʔ","tɛ"
"pû","və̀ʔ","lêʔ","və̀ʔ"
"pû","və̀ʔ","pha","və̀ʔ"
"pū","phā","ša","phā"
"pū","yâ","lɔ","yâ"
"pū","yâ","vâ","yâ"
"pwɛ̂","là","pwɛ̂","šɛ́"
"pwɛ̄","lâ","vâ","lâ"
"pwɛ̄","ve","vâ","ve"
"pyɔ̄","ve","mo","ve"
"pɔ","ta","ša","ta"
"pɔ","thôʔ","ša","thôʔ"
"pɔ","ve","ša","ve"
"pɔ̂ʔ","law","pɔ̂ʔ","lə̂"
"pɔ̂ʔ","tâʔ","pɔ̂ʔ","yàʔ"
"pə","khâʔ","ha","khâʔ"
"pə̀","kɨ̀","lɛ","kɨ̀"
"pə̀","ve","lāy","ve"
"pə̀ʔ","ki","nà","ki"
"pə̄","câʔ","ha","câʔ"
"pə̄","khâʔ","ha","khâʔ"
"pə̄","tɔ̂ʔ","pə̄","qɛ̀"
"pə̄","tɔ̂ʔ","šɔ́","tɔ̂ʔ"
"pɛ","jâ","mâ","jâ"
"pɛ","qay","ji","qay"
"pɛ̀","câ","thi","câ"
"pɛ̀","dàʔ","thi","dàʔ"
"pɛ̀","lɔ̀ʔ","thi","lɔ̀ʔ"
"pɛ̀","pɨ́","fɨ̄","pɨ́"
"pɛ̀","tɔ̀","làʔ","tɔ̀"
"pɛ̀","tɛ","lə̂ʔ","tɛ"
"pɛ̀ʔ","qhâ","jɨ̂ʔ","qhâ"
"pɛ̀ʔ","ve","jɨ̂ʔ","ve"
"pɛ̂","cɛ","ma","cɛ"
"pɛ̂","g̈ə̂ʔ","khɛ","g̈ə̂ʔ"
"pɛ̂","phu","khɛ","phu"
"pɛ̂","phu","pɛ̂","ši"
"pɛ̂","qhɔ̂","hɔ̄","qhɔ̂"
"pɛ̂","qhɔ̂","ma","qhɔ̂"
"pɛ̂","qhɔ̂","nɔ̄","qhɔ̂"
"pɛ̂","tú","ša","tú"
"pɛ̂","vêʔ","khɛ","vêʔ"
"pɛ̄","thɔ","va","thɔ"
"pɨ","li","khɔ","li"
"pɨ̀","u","ša","u"
"pɨ́","šɨ̂ʔ","pɨ́","nâʔ"
"pɨ̄","li","pɨ̄","tâʔ"
"pɨ̄","li","tâʔ","li"
"pɨ̄","tâʔ","pɨ̄","li"
"qay","kɨ́","qay","làʔ"
"qàw","khú","chi","khú"
"qá","li","thɔ","li"
"qá","tī","hɔ̂ʔ","tī"
"qā","bə̀","qā","thɛ"
"qā","ve","vî","ve"
"qā","ve","ŋɔ","ve"
"qāw","cà","law","cà"
"qāw","pî","tho","pî"
"qha","bî","qha","lɔ̀ʔ"
"qha","bî","qha","šêʔ"
"qha","cèʔ","qha","cù"
"qha","cèʔ","qha","cùʔ"
"qha","cèʔ","qha","cú"
"qha","cèʔ","qha","cwí"
"qha","cù","chi","cù"
"qha","cwɛ̂","qha","hwɛ̄"
"qha","hō","qha","bɛ"
"qha","lō","qha","hɔ̂ʔ"
"qha","mû","qha","na"
"qha","pə̀","qha","šɔ"
"qhaw","lâ","pə","lâ"
"qhay","ve","pɔ̄","ve"
"qhà","cū","chi","cū"
"qhà","g̈â","chi","g̈â"
"qhà","g̈òʔ","chi","g̈òʔ"
"qhà","kà","chi","kà"
"qhà","lo","chi","lo"
"qhà","lɔ","chi","lɔ"
"qhà","ma","chi","ma"
"qhà","ni","chi","ni"
"qhà","phɔ̂","chi","phɔ̂"
"qhà","thâʔ","chi","thâʔ"
"qhà","ti","chi","ti"
"qhà","to","chi","to"
"qhá","pū","qhá","lu"
"qháy","ve","bə","ve"
"qhâ","tɔ́","qhâ","bɨ̀"
"qhâ","ve","lɔ̀","ve"
"qhâʔ","bo","fū","bo"
"qhâʔ","bo","qhâʔ","ší"
"qhâʔ","bo","qhâʔ","tɛ"
"qhâʔ","cɨ̂ʔ","lɔ̀","cɨ̂ʔ"
"qhâʔ","dàʔ","lɔ̀","dàʔ"
"qhâʔ","jâ","qhâʔ","ji"
"qhâʔ","khí","lɔ̀","khí"
"qhâʔ","kɛ̀","lɔ̀","kɛ̀"
"qhâʔ","kɛ̄","lɔ̀","kɛ̄"
"qhâʔ","qhɔ","pa","qhɔ"
"qhâʔ","qɔ̀ʔ","qhâʔ","le"
"qhâʔ","tɛ","qhâʔ","g̈ɔ̂"
"qhâʔ","tɛ","qhâʔ","lɔ̀"
"qhâʔ","yâ","lɔ̀","yâ"
"qhɔ","bà","lɔ̀","bà"
"qhɔ","chi","qhɔ","ma"
"qhɔ","cû","kû","cû"
"qhɔ","cɔ̀","qhɔ","qa"
"qhɔ","dîʔ","lɔ̀","dîʔ"
"qhɔ","fū","law","fū"
"qhɔ","kā","lɔ̀","kā"
"qhɔ","kɨ̀","nà","kɨ̀"
"qhɔ","ni","qhɔ","ku"
"qhɔ","ni","qhɔ","kɛ"
"qhɔ","qhô","lɔ̀","qhô"
"qhɔ","qhôʔ","lɔ̀","qhôʔ"
"qhɔ","šwɛ̀","lɔ̀","šwɛ̀"
"qhɔ","šɔ̄","qhɔ","qa"
"qhɔ","šɨ","lɔ̀","šɨ"
"qhɔ","tɛ","lɔ̀","tɛ"
"qhɔ","tɛ","qhɔ","g̈ɔ̂"
"qhɔ","tɛ","qhɔ","kā"
"qhɔ","ú","qhɔ","mɛ̄"
"qhɔ","yâ","lɔ̀","yâ"
"qhɔ̀","g̈â","chi","g̈â"
"qhɔ̀","lo","chi","lo"
"qhɔ̀","lo","chò","lo"
"qhɔ̀","vê","nà","vê"
"qhɔ̀","vêʔ","ha","vêʔ"
"qhɔ̀ʔ","câ","ha","câ"
"qhɔ̀ʔ","cɛ̀","ha","cɛ̀"
"qhɔ̀ʔ","cɛ̀","qhɔ̀ʔ","lî"
"qhɔ̀ʔ","lî","ha","lî"
"qhɔ̀ʔ","ló","qhɔ̀ʔ","nwɛ̀"
"qhɔ̀ʔ","mə̂","ha","mə̂"
"qhɔ̀ʔ","šɨ́","ha","šɨ́"
"qhɔ̀ʔ","tàn","ha","tàn"
"qhɔ̀ʔ","ú","qhɔ̀ʔ","mɛ̄"
"qhɔ̀ʔ","yâ","ha","yâ"
"qhɔ́","lú","qhɔ́","tân"
"qhɔ́","ɔ̄","qhɔ́","lô"
"qhɔ̂","ve","nâʔ","ve"
"qhə","mə̂","qhə","šə̂"
"qhə","tìʔ","qhə","châ"
"qhə","tìʔ","qhə","šɛ́n"
"qhə̄n","tìʔ","qhə̄n","šɛ́"
"qôʔ","dàʔ","qāw","dàʔ"
"qôʔ","dàʔ","yɔ","dàʔ"
"qôʔ","gɨ̂","g̈ɨ̀","gɨ̂"
"qôʔ","pò","qôʔ","lə́"
"qôʔ","ša","yɔ","ša"
"qôʔ","tɨ̀ʔ","yɔ","tɨ̀ʔ"
"qôʔ","ve","g̈ɨ̀","ve"
"qôʔ","yàʔ","yɔ","yàʔ"
"qu","li","chîʔ","li"
"qú","pu","qú","tìʔ"
"qú","ve","hwɛ̂","ve"
"qɔ̀ʔ","ho","qɔ̀ʔ","tɔ̂"
"qɔ̀ʔ","pā","qɔ̀ʔ","la"
"qɔ̀ʔ","phûʔ","qɔ̀ʔ","hâʔ"
"qɔ̀ʔ","phə̀","qɔ̀ʔ","vây"
"qɔ̀ʔ","pɨ́","šâ","pɨ́"
"qɔ̀ʔ","šɨ̄","qɔ̀ʔ","šu"
"qɔ̀ʔ","ɛ̀","šɨ́","ɛ̀"
"qɔ̀ʔ","ɛ̀","ɔ","ɛ̀"
"qɔ̂","co","qɔ̂","tāy"
"qɔ̂","co","qɔ̂","vā"
"qɔ̂","cū","qɔ̂","šɨ̂ʔ"
"qɔ̂","cɨ́","qɔ̂","cɔ"
"qɔ̂","khɔ̂ʔ","qɔ̂","šə̂"
"qɔ̂","khə̂","qɔ̂","šə̂"
"qɔ̂","lē","qɔ̂","līn"
"qɔ̂","lɔ̀","qɔ̂","tìʔ"
"qɔ̂","phɔ̂","qhà","phɔ̂"
"qɔ̂","phɔ̂","ša","phɔ̂"
"qɔ̂","ta","qɔ̂","šə̂"
"qɔ̂","tɛ","qɔ̂","khə"
"qɔ̂","vā","qɔ̂","šá"
"qɔ̂","vā","qɔ̂","šɛ́"
"qɔ̄","šɨ́","qɔ̄","qa"
"qɛ́","ni","ŋɔ́","ni"
"ša","cɨ","lù","cɨ"
"ša","khɨ","ša","làʔ"
"ša","phàʔ","ša","thâʔ"
"ša","thê","ša","cɔ̀"
"ša","yɛ̀","ša","to"
"šá","chêʔ","šá","bà"
"šá","g̈ɔ̀","šá","phɛ̂"
"šá","hòʔ","šá","ná"
"šá","khîʔ","šá","câʔ"
"šá","khîʔ","šá","šē"
"šá","ɛ̀","dɨ̂","ɛ̀"
"šá","ɛ̀","dɨ̂ʔ","ɛ̀"
"šā","câ","ŋâ","câ"
"šā","cɨ̂","šā","mɛ"
"šā","khɨ","šā","qhâ"
"šā","nū","šā","qá"
"šā","pā","šā","ma"
"šā","qhâ","šā","khɨ"
"šā","qɔ̄","šā","šɛ"
"šā","šɛ","ŋâ","šɛ"
"šā","thîʔ","ŋâ","thîʔ"
"šā","tɔ̂","šā","chêʔ"
"ší","pɨ","ší","lɔ̀"
"ší","ɛ̀","ní","ɛ̀"
"ší","ɛ̀","va","ɛ̀"
"šī","pî","mɔ","pî"
"šī","qay","šɛ","qay"
"šo","bá","kɨ̂","bá"
"šo","chû","kɨ̂","chû"
"šo","chû","kɨ̄","chû"
"šo","chû","pi","chû"
"šo","cɨ́","kɨ̂","cɨ́"
"šo","khɔ̂ʔ","kɨ̂","khɔ̂ʔ"
"šo","kɔ̀","šo","câʔ"
"šo","mɔ̂ʔ","kɨ̂","mɔ̂ʔ"
"šo","mə̂","kɨ̂","mə̂"
"šo","nê","kɨ̂","nê"
"šo","šá","kɨ̂","šá"
"šo","šī","kɨ̂","šī"
"šôʔ","ni","thɔ̂","ni"
"šôʔ","ve","va","ve"
"šu","cè","šu","phûʔ"
"šu","kā","šu","lêʔ"
"šu","khɔ̂","šu","šá"
"šu","lî","šu","qa"
"šu","mû","šu","mì"
"šu","phèʔ","šu","qhâ"
"šu","qôʔ","šu","g̈ɨ̀"
"šu","tò","šu","law"
"šu","ve","lèʔ","ve"
"šú","phû","là","phû"
"šwɛ̀","ŋə̂","šwɛ̀","khâ"
"šɔ́","dàʔ","mā","dàʔ"
"šɔ́","g̈a","nû","g̈a"
"šɔ́","pɔ̄","šɔ́","ni"
"šɔ̂","bâʔ","šɔ̂","vê"
"šɔ̂","bɔ̂ʔ","šɔ̂","chêʔ,"
"šɔ̂","ce","ma","ce"
"šɔ̂","cì","ma","cì"
"šɔ̂","cɔ̀","šɔ̂","qa"
"šɔ̂","cɛ̀","phu","cɛ̀"
"šɔ̂","cɛ̀","šɔ̂","qa"
"šɔ̂","khâʔ","ma","khâʔ"
"šɔ̂","mə̂","ma","mə̂"
"šɔ̂","phàʔ","ma","phàʔ"
"šɔ̂","qhâ","qɔ̂","qhâ"
"šɔ̂","ši","šɔ̂","phàʔ"
"šɔ̂","šī","ma","šī"
"šɔ̂","šɨ́","ma","šɨ́"
"šɔ̂","ú","šɔ̂","mɛ̄"
"šɔ̂","vêʔ","ma","vêʔ"
"šɔ̂","vî","ma","vî"
"šɔ̂","yɔ̂","ma","yɔ̂"
"šɔ̂ʔ","cɛ̀","ma","cɛ̀"
"šɔ̂ʔ","tìʔ","ma","tìʔ"
"šɔ̄","dàʔ","pɛ̀","dàʔ"
"šɔ̄","ni","tɛ̂ʔ","ni"
"šɔ̄","ve","bə","ve"
"šɔ̄","ve","tân","ve"
"šɔ̄","ve","te","ve"
"šɛ","phûʔ","šɛ","há"
"šɛ","phûʔ","šɛ","hɛ́"
"šɛ","phûʔ","šɛ","ku"
"šɛ","qhɔ̀ʔ","šɛ","bâ"
"šɛ̂ʔ","cē","šɛ̂ʔ","fa"
"šɛ̂ʔ","cē","šɛ̂ʔ","nà"
"šɛ̂ʔ","ni","šɛ̂ʔ","há"
"šɛ̂ʔ","ni","ɔ̂","ni"
"šɛ̂ʔ","qhɔ","šɛ̂ʔ","lɔ̀"
"šɛ̂ʔ","qhɔ̀ʔ","šɛ̂ʔ","bâ"
"šɛ̂ʔ","šū","šɛ̂ʔ","phašá"
"šɛ̂ʔ","tâʔ","šɛ̂ʔ","yàʔ"
"šɨ","câʔ","nà","câʔ"
"šɨ","cɨ́","nà","cɨ́"
"šɨ","dɔ̂","nà","dɔ̂"
"šɨ","gûʔ","nà","gûʔ"
"šɨ","hā","šɨ","g̈ɔ̂"
"šɨ","hêʔ","nà","hêʔ"
"šɨ","jɔ","nà","jɔ"
"šɨ","mɛ̀","nà","mɛ̀"
"šɨ","mɛ̂ʔ","nà","mɛ̂ʔ"
"šɨ","qɔ̀ʔ","šɨ","nâʔ"
"šɨ́","jɛ̀","šɨ́","tâʔ"
"šɨ́","qay","cɔ","qay"
"šɨ̂ʔ","bá","vâ","bá"
"šɨ̂ʔ","bâʔ","šɨ̂ʔ","vê"
"šɨ̂ʔ","bâʔ","vâ","bâʔ"
"šɨ̂ʔ","bɨ̂","vâ","bɨ̂"
"šɨ̂ʔ","chɨ","hɔ̂ʔ","chɨ"
"šɨ̂ʔ","cɛ̀","hɔ̂ʔ","cɛ̀"
"šɨ̂ʔ","cɛ̀","ma","cɛ̀"
"šɨ̂ʔ","cɛ̀","mā","cɛ̀"
"šɨ̂ʔ","cɨ́","vâ","cɨ́"
"šɨ̂ʔ","g̈ɔ̀","hɔ̂ʔ","g̈ɔ̀"
"šɨ̂ʔ","pɨ̄","šɨ̂ʔ","tâʔ"
"šɨ̂ʔ","šī","hɔ̂ʔ","šī"
"šɨ̂ʔ","thu","hɔ̂ʔ","thu"
"šɨ̂ʔ","tɔ̂","šɨ̂ʔ","chêʔ"
"šɨ̂ʔ","vêʔ","ma","vêʔ"
"šɨ̄","ni","šɨ̄","nâʔ"
"ta","tìʔ","ta","dɔ̂"
"ta","tìʔ","ta","khâ"
"ta","tìʔ","ta","šɛ́"
"tâ","hêʔ","tâ","ca"
"tâ","khɨ̂","tâ","vâ"
"tâ","ló","tâ","láy"
"tâ","mō","tâ","láy"
"tâ","nà","tâ","lá"
"tâ","pi","tâ","cwe"
"tâ","to","tâ","lɛ̂"
"tâ","vâ","tâ","khɨ̂"
"tân","hèʔ","tân","càʔ"
"tā","nùʔ","tā","hán"
"tā","ɨ̄","tā","mu"
"te","câ","te","dɔ̀"
"te","hā","phɛ̀ʔ","hā"
"te","jɔ","te","mɨ̀"
"te","jɔ̀","hê","jɔ̀"
"te","jɔ̀","te","hê"
"te","lù","te","šêʔ"
"te","pò","te","lə́"
"te","pòn","te","lə́"
"te","pɨ́","te","phɛ̀ʔ"
"te","ša","na","ša"
"te","yàʔ","te","phîʔ"
"tê","bo","tê","ší"
"tê","cə̀","tê","khə̂"
"tê","cə̀","tê","qhə̂"
"tê","cɨ́","tê","jɔ"
"tê","cɨ́","tê","yân"
"tê","g̈òʔ","tê","to"
"tê","kà","tê","kí"
"tê","khô","tê","pá"
"tê","khɨ","tê","làʔ"
"tê","khɨ","tê","pò"
"tê","khɨ","tê","yâ"
"tê","khɨ","tê","yân"
"tê","kə̄","tê","qá"
"tê","mō","tê","cû"
"tê","mō","tê","qhə̂"
"tê","nàʔ","tê","šɔ́"
"tê","nàʔ","tê","šɨ̂ʔ"
"tê","ni","tê","há"
"tê","qhâʔ","tê","lɔ̀"
"tê","to","tê","lɛ̂"
"thàʔ","nà","jûʔ","nà"
"thê","phɔ̂","cɔ̂","phɔ̂"
"thê","ve","cɔ̂","ve"
"thê","ɛ̀","ŋɔ̂ʔ","ɛ̀"
"thi","câ","thi","dɔ̀"
"thì","nɛ̂ʔ","nâʔ","nɛ̂ʔ"
"thī","nɛ̂ʔ","nâʔ","nɛ̂ʔ"
"thī","ŋə̂","thī","khâ"
"tho","pî","mā","pî"
"tho","ve","jɛ̀","ve"
"thòʔ","pî","g̈a","pî"
"thô","phu","thô","mā"
"thô","qhɔ̀ʔ","vɨ̀","qhɔ̀ʔ"
"thô","ši","thô","mā"
"thɔ","kɨ̀","qá","kɨ̀"
"thɛ̂ʔ","pə","qha","pə"
"ti","pō","ti","ša"
"ti","ša","ti","pyɔ̄"
"ti","ve","qha","ve"
"to","bo","to","thâ"
"to","khá","to","li"
"to","kɨ","to","na"
"to","nû","to","šâʔ"
"tô","ve","yì","ve"
"tùʔ","cāw","tùʔ","qhɔ̂"
"tùʔ","chɛ̂","khān","chɛ̂"
"tùʔ","cɨ́","khá","cɨ́"
"tùʔ","mɛ̂ʔ","khá","mɛ̂ʔ"
"tùʔ","pî","khān","pî"
"tùʔ","ve","khá","ve"
"tùʔ","ve","khā","ve"
"tú","li","pā","li"
"tú","ɛ̀","bú","ɛ̀"
"tū","kɨ̀","tū","phu"
"tɔ̂","chàʔ","tɔ̂","chîʔ"
"tɔ̂","hɛ̂","šá","hɛ̂"
"tɔ̂","jɛ̀","šá","jɛ̀"
"tɔ̂","jɛ̀","šɨ́","jɛ̀"
"tɔ̂","jɛ̀","tɔ̂","te"
"tɔ̂","jɨ̂","šá","jɨ̂"
"tɔ̂","jɨ̂","tɔ̂","šâʔ"
"tɔ̂","mâ","šá","mâ"
"tɔ̂","nû","šá","nû"
"tɔ̂","thîʔ","šá","thîʔ"
"tɔ̂","vêʔ","šá","vêʔ"
"tɔ̂","yɔ","šá","yɔ"
"tɔ̄","g̈a","šɨ́","g̈a"
"tɔ̄","tā","ní","tā"
"tɔ̄","tìʔ","tɔ̄","khâ"
"tɔ̄","tìʔ","tɔ̄","mə̂"
"tɔ̄","tìʔ","tɔ̄","šɛ́"
"tɔ̄","ve","chɨ̂","ve"
"tɔ̄","ve","šɨ́","ve"
"tə̂","câ","tə̂","və̀ʔ"
"tɛ","bo","tɛ","ší"
"tɛ","tìʔ","tɛ","khâ"
"tɛ̂","ŋə̂","tɛ̂","khâ"
"ú","bà","ú","phôʔ"
"ú","cə̀","mì","cə̀"
"ú","ni","mì","ni"
"ú","ni","ú","phu"
"ú","phu","pâ","phu"
"ú","phu","qàw","phu"
"ú","phu","ú","nâʔ"
"ú","phu","ú","ši"
"ú","phu","ú","ŋâʔ"
"vàʔ","tí","vàʔ","pā"
"vàʔ","ú","vàʔ","mɛ̄"
"vè","càʔ","vè","cí"
"vêʔ","hân","kán","hân"
"vêʔ","te","ká","te"
"ví","tìʔ","ví","šɛ́n"
"və̀ʔ","jî","qâ","jî"
"və̀ʔ","lɔ̀","qâ","lɔ̀"
"və̀ʔ","phu","və̀ʔ","ši"
"və̀ʔ","šɨ́","qâ","šɨ́"
"və̀ʔ","thîʔ","qâ","thîʔ"
"və̀ʔ","thôʔ","qâ","thôʔ"
"və̀ʔ","tìʔ","qâ","tìʔ"
"və̀ʔ","tù","qâ","tù"
"və̀ʔ","ve","dɛ","ve"
"və̀ʔ","ve","qâ","ve"
"vɛ","ná","hí","ná"
"vɛ̀","kɨ̀","jɔ","kɨ̀"
"vɛ̀","kɨ̀","jɛ̂","kɨ̀"
"vɛ̀","qay","jɔ","qay"
"vɨ̀","câ","pa","câ"
"vɨ̀","qhɔ̀ʔ","pa","qhɔ̀ʔ"
"vɨ̀","ve","pa","ve"
"vɨ̂","kɨ̀","nê","kɨ̀"
"ya","cwɛ̀","ya","qô"
"yàʔ","dàʔ","dê","dàʔ"
"yàʔ","dàʔ","dɔ̂ʔ","dàʔ"
"yàʔ","dàʔ","jîʔ","dàʔ"
"yàʔ","phɔ̂","jîʔ","phɔ̂"
"yàʔ","ve","phîʔ","ve"
"yâ","bo","yâ","ší"
"yâ","co","dù","co"
"yâ","co","yâ","vêʔ"
"yâ","cɔ̀","dù","cɔ̀"
"yâ","cɔ̀","yâ","g̈û"
"yâ","cɔ̀","yâ","vêʔ"
"yâ","cɛ","dù","cɛ"
"yâ","ha","yâ","kā"
"yâ","hòʔ","yâ","dɨ̂ʔ"
"yâ","hu","dù","hu"
"yâ","hu","yâ","lɛ"
"yâ","khɔ̂","mû","khɔ̂"
"yâ","kɨ̂","yâ","qā"
"yâ","lù","yâ","kɨ̂"
"yâ","mû","yâ","mì"
"yâ","nɛ̀","yâ","há"
"yâ","pû","yâ","jɔ̂"
"yâ","pû","yâ","qa"
"yâ","qa","dù","qa"
"yâ","qā","dù","qā"
"yâ","qu","yâ","jɔ̂"
"yè","lɛ̀","hɛ́","lɛ̀"
"yì","ɛ̀","nɛ̂ʔ","ɛ̀"
"yō","kə̄","î","kə̄"
"yō","kə̄","yō","cɔ̂"
"yō","kɨ̀","î","kɨ̀"
"yō","lî","yō","qhâ"
"yōn","kə̄","yōn","cɔ̂"
"yu","li","yâ","li"
"yu","li","yâʔ","li"
"yù","qhɔ̀ʔ","qhâ","qhɔ̀ʔ"
"yɔ","fɔ̂ʔ","yɔ","hày"
"yɔ","fɔ̂ʔ","yɔ","mɛ̄"
"yɔ̂","ú","yɔ̂","ta"
"yɛ̀","bo","qa","bo"
"yɛ̀","ca","qa","ca"
"yɛ̀","chàʔ","yɛ̀","chîʔ"
"yɛ̀","dàʔ","yɛ̀","ja"
"yɛ̀","dîʔ","qa","dîʔ"
"yɛ̀","dɔ̂","yɛ̀","pâʔ"
"yɛ̀","dɨ̂ʔ","qa","dɨ̂ʔ"
"yɛ̀","hêʔ","qa","hêʔ"
"yɛ̀","khí","qa","khí"
"yɛ̀","pâ","yɛ̀","kɨ"
"yɛ̀","phâʔ","qa","phâʔ"
"yɛ̀","qhɔ","qa","qhɔ"
"yɛ̀","qɔ̀ʔ","yɛ̀","le"
"yɛ̀","šɔ","qa","šɔ"
"yɛ̀","šɨ̂ʔ","yɛ̀","vâ"
"yɛ̀","vêʔ","qa","vêʔ"
"yɛ̀","yâ","qa","yâ"
"yɛ̂","qhɔ","yɛ̂","nâʔ"
"yɛ̂","yâ","hɛ","yâ"
"yɨ̀ʔ","dàʔ","mɨ","dàʔ"
"yɨ̀ʔ","khí","mɨ","khí"
"yɨ̀ʔ","mâʔ","yɨ̀ʔ","mo"
"yɨ̀ʔ","mâʔ","yɨ̀ʔ","šu"
"yɨ̀ʔ","ša","mɨ","ša"
"yɨ̀ʔ","thâ","mɨ","thâ"
"yɨ̀ʔ","tùʔ","yɨ̀ʔ","khān"
"yɨ̂","yɛ̀","vâ","yɛ̀"
"ŋà","ú","ŋà","phɔ̂"
"ŋâ","cɛ̀","ŋâ","šə̂"
"ŋɔ̂ʔ","ɛ̀","thê","ɛ̀"
"ŋə̀","bà","ŋə̀","šêʔ"
"ɔ","li","a","li"
"ɔ̀","bâʔ","ɔ̀","vê"
"ɔ̀","bo","ɔ̀","qhɔ̄"
"ɔ̀","bo","ɔ̀","ší"
"ɔ̀","bu","ɔ̀","lɔ̀"
"ɔ̀","bu","ɔ̀","tâʔ"
"ɔ̀","càʔ","ɔ̀","cə̀"
"ɔ̀","câʔ","ɔ̀","ku"
"ɔ̀","cè","ɔ̀","phûʔ"
"ɔ̀","cê","ɔ̀","fa"
"ɔ̀","cē","ɔ̀","lêʔ"
"ɔ̀","cē","ɔ̀","nà"
"ɔ̀","chɔ̂","ɔ̀","lɔ"
"ɔ̀","chɔ̂","ɔ̀","pâʔ"
"ɔ̀","ci","ɔ̀","mɛ"
"ɔ̀","ci","ɔ̀","ší"
"ɔ̀","cə̀","ɔ̀","càʔ"
"ɔ̀","cə̀","ɔ̀","qhâ"
"ɔ̀","cə̀","ɔ̀","qhə̂"
"ɔ̀","cɨ̀","ɔ̀","qɔ"
"ɔ̀","cɨ́","ɔ̀","câʔ"
"ɔ̀","cɨ́","ɔ̀","ma"
"ɔ̀","cɨ́","ɔ̀","yân"
"ɔ̀","cɨ̂","ɔ̀","mɛ"
"ɔ̀","dù","ɔ̀","qā"
"ɔ̀","e","ɔ̀","yâ"
"ɔ̀","gɔ̂","ɔ̀","lêʔ"
"ɔ̀","g̈â","ɔ̀","šá"
"ɔ̀","g̈ù","ɔ̀","šɛ̄"
"ɔ̀","g̈ùʔ","ɔ̀","šɛ̄"
"ɔ̀","g̈ə̂ʔ","ɔ̀","phyú"
"ɔ̀","ha","ɔ̀","šá"
"ɔ̀","hìʔ","ɔ̀","kɔ̂"
"ɔ̀","hìʔ","ɔ̀","lî"
"ɔ̀","hìʔ","ɔ̀","qhâ"
"ɔ̀","hí","ɔ̀","mə̄"
"ɔ̀","hòʔ","ɔ̀","ha"
"ɔ̀","hó","ɔ̀","ná"
"ɔ̀","hwɛ̄","ɔ̀","hâʔ"
"ɔ̀","hɔ́","ɔ̀","thàʔ"
"ɔ̀","hɛ̂","ɔ̀","šá"
"ɔ̀","jâ","ɔ̀","ji"
"ɔ̀","kā","ɔ̀","làʔ"
"ɔ̀","kā","ɔ̀","lê"
"ɔ̀","kā","ɔ̀","nu"
"ɔ̀","khî","ɔ̀","nà"
"ɔ̀","khî","ɔ̀","ŋâ"
"ɔ̀","khû","ɔ̀","kwâ"
"ɔ̀","khɨ̂","ɔ̀","má"
"ɔ̀","ku","ɔ̀","câʔ"
"ɔ̀","kɛ","ɔ̀","hó"
"ɔ̀","kɛ","ɔ̀","khú"
"ɔ̀","kɨ","ɔ̀","na"
"ɔ̀","kɨ","ɔ̀","pâ"
"ɔ̀","kɨ́","ɔ̀","hây"
"ɔ̀","kɨ̂","ɔ̀","bɛ̀"
"ɔ̀","lî","ɔ̀","hìʔ"
"ɔ̀","lî","ɔ̀","lɔ"
"ɔ̀","lî","ɔ̀","mìʔ"
"ɔ̀","lî","ɔ̀","qa"
"ɔ̀","lî","ɔ̀","qhâ"
"ɔ̀","lî","ɔ̀","ta"
"ɔ̀","lɔ","ɔ̀","qhâ"
"ɔ̀","lɔ","ɔ̀","tân"
"ɔ̀","mèʔ","ɔ̀","phôn"
"ɔ̀","mìʔ","ɔ̀","phôn"
"ɔ̀","mî","ɔ̀","yâ"
"ɔ̀","mō","ɔ̀","cû"
"ɔ̀","mɔ̂","ɔ̀","kɛ́"
"ɔ̀","mɔ̂","ɔ̀","qú"
"ɔ̀","mə̄","ɔ̀","hí"
"ɔ̀","mə̄","ɔ̀","šɛ́"
"ɔ̀","nâʔ","ɔ̀","khə̀ʔ"
"ɔ̀","nâʔ","ɔ̀","qɛ́"
"ɔ̀","ni","ɔ̀","há"
"ɔ̀","ni","ɔ̀","ná"
"ɔ̀","ni","ɔ̀","nâʔ"
"ɔ̀","nu","ɔ̀","na"
"ɔ̀","nū","ɔ̀","šā"
"ɔ̀","pa","ɔ̀","e"
"ɔ̀","pâ","ɔ̀","kɨ"
"ɔ̀","pā","ɔ̀","ma"
"ɔ̀","phâʔ","ɔ̀","lə́"
"ɔ̀","phèʔ","ɔ̀","qhâ"
"ɔ̀","phôʔ","ɔ̀","dì"
"ɔ̀","phɔ̂","ɔ̀","mî"
"ɔ̀","pī","ɔ̀","šā"
"ɔ̀","pī","ɔ̀","šɨ́"
"ɔ̀","pū","ɔ̀","pi"
"ɔ̀","pū","ɔ̀","tə̂"
"ɔ̀","pɨ̄","ɔ̀","tâʔ"
"ɔ̀","qhâ","ɔ̀","lî"
"ɔ̀","qhɔ","ɔ̀","bà"
"ɔ̀","qhɔ̄","ɔ̀","pâ"
"ɔ̀","qhɔ̄","ɔ̀","yí"
"ɔ̀","qhə","ɔ̀","qhâ"
"ɔ̀","qɔ̀ʔ","ɔ̀","le"
"ɔ̀","qɔ̀ʔ","ɔ̀","qɛ"
"ɔ̀","qɔ̄","ɔ̀","lɔ̄"
"ɔ̀","ší","ɔ̀","ka"
"ɔ̀","šī","ɔ̀","nu"
"ɔ̀","šɛ̄","ɔ̀","chɨ̂"
"ɔ̀","šɨ̄","ɔ̀","šā"
"ɔ̀","thê","ɔ̀","šə"
"ɔ̀","thə̄","ɔ̀","pā"
"ɔ̀","ti","ɔ̀","cɨ̂ʔ"
"ɔ̀","to","ɔ̀","ma"
"ɔ̀","tɔ̂","ɔ̀","chêʔ"
"ɔ̀","tɛ̀","ɔ̀","na"
"ɔ̀","ví","ɔ̀","ni"
"ɔ̀","vî","ɔ̀","nɔ̀"
"ɔ̀","yâ","ɔ̀","dù"
"ɔ̀","yɔ̂","g̈ɨ̀","yɔ̂"
"ɔ́","kɨ́","ɔ́","làʔ"
"ɔ̂","cē","ɔ̂","fa"
"ɔ̂","cē","ɔ̂","mə̂"
"ɔ̂","cē","ɔ̂","nà"
"ɔ̂","cē","ɔ̂","nā"
"ɔ̂","cē","ɔ̂","phɔ̂"
"ɔ̄","chî","ɔ̄","pâʔ"
"ɔ̄","chî","ɔ̄","phə̀ʔ"
"ɔ̄","chî","ɔ̄","phə́"
"ɔ̄","cɨ̂","ɔ̄","mɛ"
"ɔ̄","vêʔ","g̈ɨ̀","vêʔ"
"ɔ̄","vêʔ","pɛ̂","vêʔ"
"ɨ̄","jâ","mâ","jâ"
"ɨ̄","kɨ̀","mu","kɨ̀"
"ɨ̄","la","mâ","la"
"ɨ̄","la","mu","la"
"ɨ̄","mɨ̀","câʔ","mɨ̀"
"ɨ̄","qay","mu","qay"
"ɨ̄","ša","mu","ša"
