word1	word2	word3	word4
vuag	ub	vuag	no
xaiv	ntsej	xaiv	muag
qhov	phem	qhov	zoo
kev	neej	kev	tsav
tej	nom	tej	tswv
txhua	tsav	txhua	yam
ib	pab	ib	pawg
tus	ub	tus	no
ntau	pab	ntau	pawg
pib	hnub	pib	hmo
sib	txeeb	sib	tua
kawm	ntaub	kawm	ntawv
yog	kev	yog	cai
ua	plaub	ua	ntug
ntees	ploj	ntees	tuag
ua	tshoob	ua	kos
nqi	mis	nqi	hno
kev	ploj	kev	tuag
tuav	kwv	tuav	tij
nwg	dlaab	nwg	qhua
tsheej	tshoob	tsheej	kos
thov	dag	thov	zog
nyias	dab	nyias	qhua
ua	luaj	ua	liam
ua	kwv	ua	tij
tej	tub	tej	ntxhais
tej	mab	tej	suav
coj	noj	coj	ua
tom	vaj	tom	tsev
kho	neej	kho	tsav
lees	thuv	lees	txim
tsi	ncaj	tsi	ncees
nws	kwv	nws	tij
seem	kev	seem	cai
txoj	kab	txoj	kev
tej	neej	tej	tsav
li	kab	li	kev
lawv	kwv	lawv	tij
hais	plaub	hais	ntug
lub	vaj	lub	tsev
mus	chawj	mus	thov
qhov	ub	qhov	no
tau	zej	tau	zos
tus	hlob	tus	yau
tus	yeej	tus	swb
sab	luj	sab	dlaav
raug	cem	raug	liam
li	ub	li	no
lus	niam	lus	txiv
kawm	txawj	kawm	ntse
haus	zej	haus	zos
kev	txawj	kev	ntse
nrog	paub	nrog	hnov
luag	poj	luag	sev
dab	tooj	dab	hlau
kev	nkauj	kev	nraug
ua	pawg	ua	lug
dab	ntuj	dab	teb
kwv	tij	kwv	npaws
tua	qaib	tua	npua
rau	ub	rau	no
muaj	siab	muaj	ntsws
lub	teb	lub	chaw
zoo	siab	zoo	ntsws
tes	dej	tes	num
npaum	ub	npaum	no
deev	dub	deev	dawb
lus	nyiaj	lus	kub
suav	hnub	suav	hmo
ua	dog	ua	dig
lwm	leej	lwm	tus
sib	cav	sib	cem
sib	nrauj	sib	tso
kawg	qub	kawg	ntsis
me	tub	me	nyuam
yuav	zoo	yuav	phem
lub	ntuj	lub	teb
tos	niam	tos	txiv
koj	niam	koj	txiv
ua	noj	ua	haus
ua	liaj	ua	kam
kev	phooj	kev	ywg
haus	dej	haus	cawv
ua	phaib	ua	npiab
ua	nom	ua	tswv
los	vaj	los	tsev
hais	liaj	hais	kam
kev	nom	kev	tswv
nrhaw	nyiaj	nrhaw	txiaj
tau	noj	tau	haus
hluas	nkauj	hluas	nraug
mob	ub	mob	no
tom	ntej	tom	qab
khwv	noj	khwv	haus
ua	laj	ua	kam
nyiaj	vaj	nyiaj	tsev
chaw	txawb	chaw	rau
ua	neeb	ua	yaig
nws	vaj	nws	tsev
ua	teb	ua	chaw
puv	zej	puv	zos
puv	zos	puv	nroog
rooj	tshoob	rooj	kos
tub	lag	tub	luam
lus	tseeb	lus	zoo
hais	yeej	hais	swb
lub	paus	lub	ntsis
sis	caav	sis	tshe
tau	dej	tau	cawv
kawg	siab	kawg	ntsws
xav	mus	xav	los
tso	dag	tso	luag
pauv	sab	pauv	ntsws
tas	dawb	tas	do
kev	noj	kev	haus
le	ub	le	nua
txhua	pab	txhua	pawg
neeg	txawj	neeg	ntse
tsi	txawj	tsi	ntse
tsaj	nyeg	tsaj	qus
tug	ub	tug	nuav
kev	coj	kev	ua
dag	noj	dag	haus
tub	tes	tub	taw
rooj	nom	rooj	tswv
pa	ntsuab	pa	xiav
hmoob	niam	hmoob	txiv
tim	ntsej	tim	muag
lub	roob	lub	haav
kawg	sab	kawg	ntsws
cam	dlej	cam	aav
yoog	tshaib	yoog	nqe
tiv	tshaav	tiv	naag
lav	tshoob	lav	kos
kev	neej	kev	tsa
ua	mus	ua	los
ntxiv	ub	ntxiv	no
sib	pab	sib	hlub
tus	niam	tus	txiv
li	teb	li	chaw
tswv	zej	tswv	zos
tus	dub	tus	dawb
tus	daj	tus	xiav
yuav	dub	yuav	mev
txoj	kev	txoj	cai
yog	txij	yog	nkawm
nus	tij	nus	npaws
lus	nkib	lus	nkaus
coj	tshoob	coj	kos
kom	lwj	kom	liam
hais	ub	hais	no
txawj	nyeem	txawj	sau
ua	hnub	ua	hmo
ua	hmo	ua	tshais
txhawb	zej	txhawb	zos
sib	qhuab	sib	qhia
sib	tog	sib	txeeb
haum	kab	haum	kev
tuav	nkaub	tuav	npe
hmoob	teej	hmoob	tug
muaj	caag	muaj	ceg
tom	zej	tom	zos
lug	toj	lug	pes
tsi	meej	tsi	pem
tsi	mus	tsi	los
me	ntswb	me	ntsis
ib	tsob	ib	txoog
kawm	txuj	kawm	ci
ua	lag	ua	luam
ntsuj	duab	ntsuj	hlaus
thiaj	leej	thiaj	tseeb
ntseeg	tseeb	ntseeg	tsum
lub	siab	lub	ntsws
muaj	teb	muaj	chaw
ntshav	siab	ntshav	qis
ua	pab	ua	pawg
sib	txeeb	sib	fuas
sib	txeeb	sib	tog
hnub	tes	hnub	taw
qab	zeb	qab	ca
muaj	siav	muaj	zog
ua	ciaj	ua	tuag
muaj	cog	muaj	ceg
ib	sij	ib	tseb
peb	niam	peb	txiv
twm	zeej	twm	kawv
hais	ncauj	hais	lu
dej	xiv	dej	npau
ua	nqaj	ua	nqug
tas	zaj	tas	zog
qee	siab	qee	ntsws
ua	txuj	ua	ci
ua	nuj	ua	nqi
tub	txawj	tub	ntse
kev	chim	kev	tu
tsuj	pem	tsuj	nram
koom	niam	koom	txiv
muaj	qab	muaj	tsuag
nram	mab	nram	suav
sib	tham	sib	paub
yawm	yij	yawm	dab
hav	zoov	hav	tsuag
siv	caij	siv	nyoog
pw	noj	pw	haus
raug	kab	raug	kev
tus	tsiaj	tus	txhuv
txom	xyoob	txom	ntoo
muaj	mob	muaj	nkees
tig	mus	tig	los
tua	tsiaj	tua	txhuv
twv	ntuj	twv	teb
dhia	zeb	dhia	tsua
hla	zeb	hla	tsua
sib	cob	sib	qhia
tog	vaj	tog	tsev
ua	nruj	ua	tsiv
lus	nruj	lus	tsiv
lub	dag	lub	zog
pluas	noj	pluas	haus
ib	paab	ib	pawg
kuag	kaab	kuag	hlau
lwm	pab	lwm	pawg
lub	koob	lub	npe
txhua	leej	txhua	tus
tej	nam	tej	txiv
luag	teb	luag	chaw
sib	hlub	sib	pab
liam	ub	liam	no
yus	cuab	yus	ntxiab
ua	tsov	ua	rog
siab	loj	siab	dav
lub	hnub	lub	hli
muaj	nyiaj	muaj	txiaj
txiv	hmab	txiv	ntoo
kev	lis	kev	cai
siv	riam	siv	phom
tos	caij	tos	nyoog
pob	roob	pob	tsuas
lub	rwj	lub	aws
ua	niam	ua	txiv
ntug	teb	ntug	chaw
neeg	txwj	neeg	laus
neeg	nom	neeg	tswv
rov	quav	rov	qees
sis	txeeb	sis	tua
sis	cav	sis	thuam
tej	puj	tej	yawm
tom	ntej	tom	qaab
paub	tab	paub	cai
txam	zeb	txam	tsua
muaj	noj	muaj	haus
me	tub	me	ntxhais
sis	cav	sis	cem
laug	hnub	laug	hmo
ua	ub	ua	no
qhov	zoo	qhov	phem
ua	zaj	ua	ntxeev
dag	siab	dag	nqi
tsis	mus	tsis	los
sis	txij	sis	luaj
ua	liaj	ua	teb
tu	tsiaj	tu	txhuv
koj	puj	koj	yawm
kev	txhoj	kev	txhaum
siab	loj	siab	ntev
neeg	ncaj	neeg	ncees
siab	dawb	siab	dav
dlaag	noj	dlaag	haus
ua	paab	ua	pawg
sib	txu	sib	txov
ua	plees	ua	yi
plis	siab	plis	ntsws
lus	plas	lus	cua
kev	iab	kev	daw
tsi	moog	tsi	lug
sib	txhawb	sib	nqa
muaj	yeej	muaj	swb
lov	npab	lov	ceg
nrim	dej	nrim	av
xeeb	leej	xeeb	ntxwv
qhov	ncaj	qhov	tseeb
lub	ntsej	lub	muag
ua	neej	ua	tsav
nom	loj	nom	me
tej	txheeb	tej	ze
tso	zis	tso	quav
hav	nroj	hav	ntoo
qw	ntuj	qw	teb
roob	tauj	roob	nqeeb
hav	tauj	hav	nqeeb
mloog	mus	mloog	los
ciam	dej	ciam	av
plhis	siab	plhis	ntsws
suav	hnub	suav	hli
txij	tog	txij	peg
sib	ceg	sib	foob
lub	zej	lub	zos
sau	yog	sau	raug
qub	nom	qub	tswv
kev	ntse	kev	zoo
rau	nom	rau	tswv
ua	tab	ua	tauv
dej	kub	dej	npau
noj	teb	noj	chaw
muaj	paus	muaj	ntsis
lus	ntxhib	lus	ntxho
kev	neej	kev	tsaav
kev	pluj	kev	tuag
kev	phem	kev	qas
pe	dlaab	pe	mlom
txuj	kev	txuj	cai
ua	dlaab	ua	qhua
nwg	dlej	nwg	num
yog	neej	yog	tsav
khoom	ub	khoom	no
tej	niam	tej	txiv
lawv	caij	lawv	xyoo
nruab	zej	nruab	zog
com	nyuj	com	twm
tsoo	ub	tsoo	nua
qab	roob	qab	hav
ua	kub	ua	ntaiv
suab	nas	suab	noog
hais	tsiaj	hais	txhuv
tsis	paub	tsis	pom
li	kev	li	cai
yog	mab	yog	suav
sib	txheeb	sib	ze
yus	neej	yus	tsav
yog	kwv	yog	tij
yog	txheeb	yog	ze
nyias	teej	nyias	tug
dim	tes	dim	taw
tis	ntsuab	tis	ze
vaj	loj	vaj	me
tim	ncauj	tim	lu
yus	txawj	yus	ntse
hus	ub	hus	no
muaj	koob	muaj	npe
sau	mus	sau	los
ntxi	ncauj	ntxi	muag
qhov	tiag	qhov	yog
nkaum	tes	nkaum	taw
ntawv	nplog	ntawv	thaib
ntawv	txwj	ntawv	laus
ncuav	tooj	ncuav	hlau
nplo	riam	nplo	txuas
sib	lo	sib	nplaum
tsis	zaum	tsis	nyoo
tim	ub	tim	no
tiav	niam	tiav	txiv
kaum	toj	kaum	hav
tuaj	saib	tuaj	xyuas
moob	neej	moob	tsaav
hmoob	neej	hmoob	tsav
muaj	nom	muaj	tswv
zoo	nkauj	zoo	nraug
poj	nrauj	poj	ntsuag
muaj	txiaj	muaj	ntsim
poj	dab	poj	ntsuag
tej	nyab	tej	ntxhais
tso	dlaag	tso	luag
puj	nrauj	puj	ntusag
keb	ub	keb	no
puj	nrauj	puj	ntsuag
nrhav	txwj	nrhav	nkawm
nrog	saib	nrog	xyuas
puv	vaj	puv	tsev
has	sab	has	qeg
paub	qab	paub	hauv
tau	pab	tau	pawg
rooj	noj	rooj	haus
nteeg	pluj	nteeg	tuag
suab	quaj	suab	nyav
rua	ub	rua	nuav
rua	ub	rua	nua
hloov	sab	hloov	ntsws
ua	kub	ua	ceev
txeeb	nom	txeeb	tswv
sib	hlub	sib	fwm
ua	rwj	ua	aws
lub	cuab	lub	yim
puas	siab	puas	ntsws
poj	nrauj	poj	ntsuam
kev	ntshaws	kev	xav
hauv	vaj	hauv	tsev
nyuaj	siab	nyuaj	ntsws
raug	ploj	raug	tuag
khub	laj	khub	kam
suab	quaj	suab	nyiav
neej	tshiab	neej	lig
hla	mus	hla	los
txua	rooj	txua	tog
kev	tshaib	kev	nqhis
hniav	ntaj	hniav	riam
ntsauv	lag	ntsauv	luam
lub	zej	lub	zog
kev	quaj	kev	nyiav
tsis	tag	tsis	kawg
sib	ntsib	sib	tham
peb	niaj	peb	xyoo
qhov	loj	qhov	me
laug	nub	laug	mo
tsaug	plaub	tsaug	ntug
ua	zaub	ua	mov
kov	ub	kov	no
puv	ntuj	puv	teb
tom	ub	tom	no
tshum	ub	tshum	no
tshum	lwj	tshum	liam
kev	phem	kev	zoo
coob	pab	coob	pawg
sib	pab	sib	koom
xav	quaj	xav	qw
yuav	quaj	yuav	qw
cuab	yeeb	cuab	tam
tiav	nkauj	tiav	nraug
rau	kwv	rau	tij
raug	qhuab	raug	qhia
qub	zaub	qub	mov
muab	nom	muab	tswv
qhov	ub	qhov	nuav
coj	nruj	coj	tsiv
lug	nyaj	lug	kub
ntxim	khawm	ntxim	puag
piav	tes	piav	taw
nug	ub	nug	no
sib	hlub	sib	nyiam
muaj	kev	muaj	cai
tus	laus	tus	hluas
txaj	ntshaa	txaj	ntsim
kev	npoj	kev	tuag
lub	caij	lub	nyoog
tsa	tes	tsa	taw
tej	siab	tej	ntsws
lub	koob	lub	meej
lus	paj	lus	cua
kev	dab	kev	qhua
txawj	zam	txawj	hloov
laus	ncaj	laus	ncees
ua	mab	ua	suav
puv	roob	puv	hav
tiav	ub	tiav	no
rau	zej	rau	zos
tag	zej	tag	zos
tej	zej	tej	zos
tham	mus	tham	los
tso	daj	tso	luag
nrhiav	noj	nrhiav	haus
yus	vaj	yus	tsev
vog	ub	vog	no
cov	zoo	cov	phem
ua	lwj	ua	liam
ua	ntaub	ua	ntawv
niaj	hnub	niaj	hmo
thov	ub	thov	no
qhua	qab	qhua	tsau
tseem	kev	tseem	cai
tswv	teb	tswv	chaw
raug	txhom	raug	tua
muaj	vaj	muaj	tsev
cov	kwv	cov	tij
raws	kev	raws	cai
qhuas	qab	qhuas	tsaus
muaj	qab	muaj	hauv
kom	yeej	kom	swb
rov	siab	rov	ntsws
cuag	poj	cuag	yawm
vaaj	luj	vaaj	miv
sib	txhawb	sib	pab
ntsis	ntaj	ntsis	phom
kub	zeb	kub	tsua
neeg	loj	neeg	siab
sib	tshum	sib	nkaug
ib	txheej	ib	phaum
muaj	kab	muaj	kev
sib	nug	sib	teb
ua	kab	ua	kev
tuaj	txhawb	tuaj	koom
tau	teb	tau	chaw
lwg	noj	lwg	haus
lub	nkaub	lub	ntsiab
sib	txeeb	sib	ceg
rov	qab	rov	quav
siab	tshiab	siab	zoo
sib	koom	sib	pab
koj	hais	koj	hu
txoj	pa	txoj	siav
nrus	roj	nrus	ntshav
hnab	ris	hnab	tsho
txawj	yaj	txawj	nkaum
suab	luj	suab	yau
le	ub	le	nuav
xws	teb	xws	chaw
puag	cuab	puag	yim
le	dlev	le	npua
tuaj	qeeb	tuaj	lig
siab	loj	siab	tawv
ua	nkauj	ua	nraug
ua	dev	ua	npua
luag	khaiv	luag	khoo
tso	ntau	tso	tsawg
ua	quav	ua	zis
tej	kwv	tej	tij
ib	cuab	ib	yim
tsa	cuab	tsa	yim
kwv	tij	kwv	npawg
kuv	niam	kuv	txiv
koom	zej	koom	zos
ob	hnub	ob	hmo
sib	nyiam	sib	hlub
tso	tes	tso	taw
yus	nyiam	yus	hlub
pob	zeb	pob	ntoos
chaw	noj	chaw	haus
plig	nyiaj	plig	kub
txwv	zeej	txwv	txoob
cai	pab	cai	pawg
cai	xeem	cai	neeg
yuav	ntsej	yuav	muag
poob	ntsej	poob	muag
thoob	zej	thoob	zos
nrhiav	ntaub	nrhiav	ntawv
muaj	pab	muaj	pawg
sib	txib	sib	hu
ua	sab	ua	sua
thov	nyiaj	thov	txiaj
nyuag	ntaub	nyuag	ntawv
tw	vaj	tw	tsev
kub	tes	kub	taw
yuav	tib	yuav	thuam
mab	dub	mab	doog
ciaj	nom	ciaj	tswv
sib	ntxub	sib	cais
pem	roob	pem	hav
thov	ntuj	thov	dab
muab	mab	muab	suav
zoo	noj	zoo	hnav
hmoob	cem	hmoob	thuam
txog	caij	txog	nyoog
mus	ub	mus	no
mob	siab	mob	ntsws
moob	sib	moob	ntsuab
tau	poj	tau	yawm
cov	ntxhais	cov	vauv
mob	ciaj	mob	tuag
dhau	caij	dhau	nyoog
puv	caij	puv	nyoog
ntshai	dua	ntshai	dab
siab	hlub	siab	nyiam
lub	cev	lub	siab
kev	plees	kev	yi
hauv	paug	hauv	ntsis
lug	fuab	lug	cua
siab	ncaj	siab	zoo
yug	zaub	yug	mov
tsov	txwj	tsov	laus
ncig	vaj	ncig	tsev
plhaw	tod	plhaw	ped
tsis	txhawj	tsis	ntshai
yuav	khawm	yuav	puag
tua	kab	tua	nroj
ntau	leej	ntau	tus
dawm	tes	dawm	taw
npaum	ub	npaum	nuav
cov	siab	cov	ntsws
cov	niam	cov	txiv
nyias	kwv	nyias	tij
sib	paab	sib	txhawb
kav	teb	kav	chaw
qub	teb	qub	chaw
tsham	kwv	tsham	tij
koom	teb	koom	chaw
ua	neej	ua	tsa
hmoob	nyob	hmoob	sib
xav	neej	xav	tsav
ua	phaub	ua	ntug
tub	nom	tub	tswv
tog	vaaj	tog	tsev
sib	khawm	sib	hnias
coj	noj	coj	haus
tu	vaj	tu	tsev
ua	qoj	ua	qag
raug	ntsej	raug	muag
tau	koob	tau	npe
muag	noj	muag	haus
sib	ntaus	sib	tua
raug	txim	raug	kaw
tau	ntsib	tau	pom
npaum	ub	npaum	nua
teev	dab	teev	qhua
ib	txhiab	ib	txhis
pom	ub	pom	no
neeg	txheeb	neeg	ze
nws	niam	nws	txiv
qhov	yog	qhov	zoo
kev	lig	kev	cai
khoom	vaj	khoom	tsev
ntau	tsaav	ntau	yaam
ncig	ntuj	ncig	teb
ncej	tooj	ncej	hlau
piav	mus	piav	los
muaj	ntsej	muaj	muag
khu	vaaj	khu	tsev
tsis	txob	tsis	txhawj
puv	teb	puv	chaw
koob	noj	koob	haus
ib	leej	ib	tug
tub	mab	tub	qhe
tsis	dawb	tsis	huv
dag	mus	dag	los
tej	tub	tej	kiv
muaj	suab	muaj	npe
tog	khaub	tog	tsuag
tej	zaub	tej	mov
qub	teej	qub	teg
tej	qub	tej	tshiab
has	ub	has	nua
xub	zeb	xub	caa
cov	roj	cov	ntshav
tsi	deb	tsi	ze
txhav	nraj	txhav	nrees
tub	txib	tub	khaiv
muab	teb	muab	chaw
lus	mog	lus	muag
paim	qaab	paim	quav
peb	hnub	peb	hmo
lawv	niam	lawv	txiv
tsev	ploj	tsev	tuag
thiaj	yog	thiaj	raug
tsev	noj	tsev	haus
ntes	ploj	ntes	tuag
txiv	qeej	txiv	nruas
muaj	cuab	muaj	yim
hauv	dej	hauv	num
tag	zaj	tag	zos
txij	taug	txij	peg
tug	hlub	tug	yau
txhua	hnub	txhua	hmo
nug	mus	nug	los
coj	dab	coj	qhua
ntawv	noj	ntawv	haus
nyias	siab	nyias	ntsws
paub	phem	paub	zoo
tej	vaj	tej	tsev
tim	thaib	tim	nplog
tus	txheeb	tus	ze
nyias	vaj	nyias	tsev
nyias	zej	nyias	zos
mus	vaj	mus	tsev
tau	vaj	tau	tsev
tau	liaj	tau	teb
mus	haub	mus	ntxias
raws	teb	raws	chaw
nqa	xyab	nqa	ntawv
mus	thov	mus	pe
nqa	dej	nqa	cawv
tuaj	thov	tuaj	pe
sib	hlub	sib	nco
tuaj	haub	tuaj	ntxias
siv	hmab	siv	hlua
los	cuab	los	khi
ntug	zej	ntug	zos
siab	dav	siab	zoo
leej	niam	leej	txiv
nrog	niam	nrog	txiv
khwv	nyiaj	khwv	txiaj
paub	qaab	paub	hau
cov	laus	cov	hluas
lus	txawj	lus	ntse
siv	riam	siv	ntaj
hniav	riam	hniav	ntaj
txhia	leej	txhia	tus
muaj	caub	muaj	chim
kaus	tauj	kaus	nqeeb
ntshav	ntsej	ntshav	ntswg
tiag	tes	tiag	taw
tuav	riam	tuav	phom
muaj	kwv	muaj	tij
yus	niam	yus	txiv
noj	mus	noj	los
kes	tes	kes	taw
luag	ntes	luag	khi
poob	nyiaj	poob	txiaj
lug	paaj	lug	cua
moog	ncaaj	moog	ncees
qas	hmoob	qas	nplog
sib	ntaus	sib	tog
sib	ceg	sib	ntaus
dhau	kev	dhau	cai
cais	pab	cais	pawg
muaj	qab	muaj	quag
yam	zoo	yam	phem
sib	hlub	sib	txhawb
yaam	phem	yaam	zoo
hla	roob	hla	hav
tsis	pom	tsis	paub
hmoob	ub	hmoob	no
vwm	loj	vwm	leg
sib	tua	sib	ntaus
ntsuag	xyoob	ntsuag	ntoo
luag	zej	luag	zos
kam	teb	kam	chaw
caum	noj	caum	haus
yuav	vaj	yuav	tsev
xam	luaj	xam	phaj
tsis	meej	tsis	pem
tau	nom	tau	tswv
pab	ub	pab	no
cov	tub	cov	ntxhais
poob	nom	poob	tswv
sib	npuav	sib	hnia
laib	laus	laib	hluas
ntxias	noj	ntxias	qhe
khwv	ciaj	khwv	tuag
nqaij	txhiab	nqaij	ci
noj	mij	noj	qe
hlua	nkauj	hlua	nraug
tej	tub	tej	ki
hais	txhij	hais	txhua
dag	nom	dag	tswv
nyias	kab	nyias	kev
noob	ntaub	noob	ntawv
muaj	qib	muaj	duas
kuv	pog	kuv	yawg
qub	vaj	qub	tsev
yuav	ciaj	yuav	tuag
tsheej	hnub	tsheej	hmo
kawg	siab	kawg	plawv
nquam	paj	nquam	duas
ua	dlog	ua	dlig
tu	ncaab	tu	ncua
tus	kwv	tus	tij
nco	txiaj	nco	ntsim
rau	thaib	rau	nplog
txij	qab	txij	de
paub	ub	paub	no
tau	siab	tau	qis
tsov	tshaib	tsov	tsau
miv	kaab	miv	noog
muaj	taus	muaj	txua
sib	tshom	sib	nkaug
pom	txhij	pom	txhua
vwm	nom	vwm	tswv
luag	num	luag	tswv
nyob	noj	nyob	haus
nyiaj	hnub	nyiaj	hli
thuam	ub	thuam	no
raws	noj	raws	haus
tib	pab	tib	pawg
ntau	tsav	ntau	yam
raug	ntes	raug	kaw
raug	txim	raug	thuv
ua	phooj	ua	ywg
nchav	teb	nchav	chaw
tsis	paus	tsis	ntsis
kom	ncauj	kom	lu
tswv	liaj	tswv	av
txiv	xyoob	txiv	ntoo
yog	dag	yog	tiag
tas	niaj	tas	xyoo
ua	dej	ua	num
noj	txhij	noj	txhua
zoo	vaaj	zoo	tsev
tej	vaaj	tej	tsev
tej	pog	tej	yawg
puab	rooj	puab	ntsa
lug	vaaj	lug	tsev
neeg	mob	neeg	tuag
neeg	mob	neeg	nkees
xaav	mob	xaav	tuag
nej	zej	nej	zos
taum	qej	taum	mog
muaj	noj	muaj	naav
txob	noj	txob	haus
zais	ruj	zais	neev
tub	sab	tub	nyiag
kev	phem	kev	qias
cov	txheeb	cov	ze
nws	pog	nws	yawg
dab	niam	dab	txiv
dab	pog	dab	yawg
ua	dab	ua	qhua
dab	teb	dab	chaw
ua	neeb	ua	yais
tsheej	niaj	tsheej	xyoo
teev	puj	teev	yawm
koj	nam	koj	txiv
laig	niam	laig	txiv
los	haub	los	ntxias
tau	kwv	tau	tij
ua	lib	ua	lob
xa	xov	xa	moo
tsheej	roob	tsheej	hav
kuv	tham	kuv	hais
piv	dab	piv	tsov
mlom	tooj	mlom	hlau
pe	dab	pe	mlom
hauv	ntaub	hauv	ntawv
tsi	chim	tsi	ntxub
cai	zaub	cai	mov
yeej	paub	yeej	pom
yuav	cem	yuav	hais
txhua	leej	txhua	tug
cuag	puj	cuag	yawm
yuav	nyiaj	yuav	txiaj
lub	sab	lub	ntswg
nqa	hneev	nqa	xub
mus	mus	mus	los
ntxhais	nom	ntxhais	tswv
poj	nrauj	poj	fa
koj	kwv	koj	tij
kuv	kwv	kuv	tij
hauv	paus	hauv	ntsis
koj	vaj	koj	tsev
luag	noj	luag	haus
xiam	hlwb	xiam	ceg
tsheej	phab	tsheej	pheem
sib	ntsib	sib	tawb
ntaus	pab	ntaus	pawg
tuag	dawb	tuag	do
faib	liaj	faib	av
sib	roj	sib	law
tsis	txheeb	tsis	ze
tawg	pab	tawg	pawg
noog	mus	noog	los
luag	rooj	luag	ntsa
yus	poj	yus	yawm
sau	siab	sau	ntsws
dej	siab	dej	ntsws
txiv	neeb	txiv	yaig
tsum	kev	tsum	cai
nqis	toj	nqis	taug
tus	txiaj	tus	ntsim
chaw	txib	chaw	khaiv
nqee	ntsuj	nqee	hlauv
pwj	tsiaj	pwj	txhu
ntsuj	duab	ntsuj	plig
yeej	koob	yeej	huam
txawb	koob	txawb	hmoov
muaj	nuj	muaj	nqi
tsaug	nqaij	tsaug	mov
muab	tsiaj	muab	txhuv
xiam	nyiaj	xiam	txiaj
tua	nyuj	tua	twm
ncig	teb	ncig	chaw
siv	nyiaj	siv	txiaj
plis	mus	plis	los
muaj	tseeb	muaj	tsum
nplooj	hmab	nplooj	ntoo
ua	siv	ua	npog
tes	qav	tes	num
kauv	tes	kauv	taw
pauv	ub	pauv	no
nrog	huab	nrog	cua
qhov	riam	qhov	phom
nrog	liab	nrog	cuam
keeb	ub	keeb	no
tus	phem	tus	zoo
xa	zaub	xa	mov
tag	siab	tag	ntsws
tuaj	txog	tuaj	ntsib
ua	ntej	ua	qab
sib	daj	sib	deev
coj	teb	coj	chaw
lawv	qaib	lawv	npua
muaj	keeb	muaj	kwm
lwm	teb	lwm	chaw
npe	nom	npe	tswv
niam	hlob	niam	yau
sib	cav	sib	cais
them	roj	them	ntshav
sib	tog	sib	ceg
hwm	niam	hwm	txiv
qhov	siab	qhov	qis
muaj	niam	muaj	txiv
sib	saib	sib	xyuas
thoob	roob	thoob	hav
sau	lwj	sau	liam
qab	zeb	qab	tsua
nrhav	noj	nrhav	haus
haav	zoov	haav	tsuag
lov	tes	lov	taw
pob	zeb	pob	tsua
zaub	nyuj	zaub	npua
sib	pom	sib	paub
nti	ciaj	nti	tuag
qhov	zeb	qhov	av
cua	daj	cua	dub
kev	lwj	kev	aws
tuav	tes	tuav	taw
hais	siab	hais	qis
hais	siab	hais	nqi
txhuas	leej	txhuas	tus
lus	zej	lus	zos
txog	vaj	txog	tsev
paub	qab	paub	hau
ib	txheej	ib	tiam
tsis	ciav	tsis	cai
yus	dab	yus	qhua
nywj	plaub	nywj	ntug
lawv	dab	lawv	qhua
lawv	vaj	lawv	tsev
nkauj	huab	nkauj	cua
kom	ruaj	kom	khov
ci	zeb	ci	tsua
txam	txhij	txam	txhua
tsi	paub	tsi	pom
has	yaaj	has	yeeb
has	sab	has	qes
sab	ncaaj	sab	zoo
luag	txuj	luag	ci
tas	niaj	tas	hnub
hmoob	roj	hmoob	ntshav
tseem	hmov	tseem	tshua
ntau	txheej	ntau	ntsig
vuag	toj	vuag	pes
ua	vij	ua	voog
tau	zeb	tau	tsua
siv	qeej	siv	nruas
ua	pag	ua	xau
tsis	txawj	tsis	ntse
yug	nyuj	yug	nees
piav	txhij	piav	txhua
daus	xib	daus	npu
dej	liab	dej	ntsuab
tsho	tswj	tsho	npuag
tham	txhij	tham	txhua
ua	tsiaj	ua	txhuv
tseem	niam	tseem	txiv
has	moog	has	lug
puab	puj	puab	yawm
noj	lwj	noj	liam
ua	zej	ua	zos
yoo	tshaib	yoo	nqe
sib	hlub	sib	paab
tsis	paub	tsis	pum
kev	txheeb	kev	ze
pom	dhuav	pom	txaus
kev	plas	kev	pluag
saib	qab	saib	hauv
lub	pob	lub	cos
ntsim	siab	ntsim	plawv
nram	ntej	nram	qab
ua	nam	ua	txiv
sib	coj	sib	yoog
xab	xeeb	xab	xaws
cawv	ntuj	cawv	duab
kaum	roob	kaum	hav
txiab	tooj	txiab	hlau
tsog	lej	tsog	laus
sib	ntau	sib	tua
qhov	roob	qhov	hav
hav	dej	hav	dawm
kua	tooj	kua	hlau
pam	neej	pam	dab
dua	xyab	dua	ntawv
dua	dej	dua	cawv
sib	cav	sib	hais
xya	niaj	xya	xyoo
qe	tooj	qe	hlau
zuag	ntuj	zuag	teb
vuag	ntuj	vuag	teb
dawm	zeb	dawm	tsua
vij	mob	vij	nkees
sub	dub	sub	doog
lees	ua	lees	tu
neeg	dawb	neeg	huv
tsis	deb	tsis	ze
sab	khwb	sab	ntxeev
qeej	tshoob	qeej	kos
phem	tes	phem	taw
ua	ncaj	ua	ncees
siab	dawb	siab	huv
vij	sub	vij	npog
muaj	mob	muaj	tuag
tej	plaub	tej	ntug
tis	tshoob	tis	kos
rab	hneev	rab	phom
los	coj	los	ua
ntau	yam	ntau	tsav
ua	yeej	ua	swb
rau	ped	rau	nrad
sib	ntsib	sib	thaam
lub	sab	lub	plawv
txheeb	neej	txheeb	tsaav
tu	qab	tu	twv
phem	ntuj	phem	teb
noj	tshoob	noj	kos
ncig	mus	ncig	los
txob	plaub	txob	ntug
tu	phem	tu	zoo
ntshaw	nyiaj	ntshaw	nom
txwv	hmab	txwv	ntoo
tsi	txheeb	tsi	ze
yas	kev	yas	ncua
kev	kwv	kev	tij
lus	mos	lus	muag
tug	ub	tug	nua
fwm	nom	fwm	tswv
ua	tsuv	ua	rog
lug	quaj	lug	tsawm
sib	txov	sib	tua
tsa	nom	tsa	tswv
neeg	zoo	neeg	ncaj
cov	nyuj	cov	nees
daum	nram	daum	zos
yog	hmoob	yog	daum
sib	haum	sib	koom
hais	phem	hais	zoo
muaj	ntau	muaj	tsawg
lawv	pab	lawv	pawg
ntsi	ntaj	ntsi	phom
npav	dej	npav	taws
qhov	txhia	qhov	chaw
lub	tseem	lub	zoo
sib	tua	sib	txeeb
tua	nas	tua	nquab
kom	khiav	kom	ya
ua	faj	ua	fwv
tau	nyiaj	tau	txiaj
ciam	liaj	ciam	av
muab	ntaus	muab	ncaws
tus	qaib	tus	aub
lub	keeb	lub	tiv
siab	ntev	siab	loj
tua	tsiaj	tua	npua
huab	noj	huab	haus
muaj	ploj	muaj	tuag
ua	dawb	ua	huv
kaus	noj	kaus	haus
khawv	yaj	khawv	yws
txhiam	laj	txhiam	xwm
tsis	mob	tsis	khaus
luag	poj	luag	txiv
txuag	noj	txuag	haus
muaj	koob	muaj	meej
sib	hlub	sib	haum
nyob	kaj	nyob	huv
nrog	vaj	nrog	tsev
cov	ntxhais	cov	vaus
muab	qij	muab	dos
tej	liaj	tej	teb
txiav	tes	txiav	taw
noj	yeeb	noj	tshuaj
tu	tes	tu	taw
tej	ntsuj	tej	plig
mus	dawb	mus	huv
peb	txheej	peb	tis
nrog	pom	nrog	paub
noj	nyiaj	noj	txiaj
kuag	kab	kuag	hlau
muag	nom	muag	tswv
kho	teb	kho	chaw
neeg	hmoob	neeg	nplog
tag	hnub	tag	hmo
paub	siab	paub	qes
saib	ub	saib	no
txaus	noj	txaus	haus
ib	pab	ib	haiv
mus	hais	mus	thov
kuv	pab	kuv	pawg
lis	ub	lis	no
muaj	nam	muaj	txiv
khuj	noj	khuj	haus
tsim	ub	tsim	no
coj	zoo	coj	ncaj
niaj	hnub	niaj	xyoo
tag	dawb	tag	do
ntshaw	teb	ntshaw	chaw
zoo	ntsej	zoo	muag
vim	ub	vim	no
nws	pab	nws	pawg
tej	qoob	tej	loo
tsis	ploj	tsis	xuam
kev	pleeg	kev	yi
saub	npab	saub	vwm
naab	txaij	naab	nraug
yaug	ncauj	yaug	lo
qhov	sab	qhov	qeg
qhov	tub	qhov	ndlav
qhov	tseeb	qhov	cuav
cuab	tooj	cuab	hlau
hmoob	tes	hmoob	taw
ua	num	ua	tswv
tu	tub	tu	kiv
lub	mob	lub	aws
tus	ruam	tus	ntse
lam	cem	lam	ntaus
ua	txij	ua	nkawm
tiv	tshav	tiv	nag
thawm	niaj	thawm	xyoo
pab	niam	pab	txiv
txawj	neeb	txawj	yaig
lus	muag	lus	mos
tab	cuab	tab	yim
quav	yeeb	quav	tshuaj
ua	laib	ua	coos
ua	xeej	ua	xwm
qhia	ntaub	qhia	ntawv
zoo	nraug	zoo	nkauj
ntxias	noj	ntxias	haus
lob	ub	lob	no
puas	koob	puas	npe
thov	noj	thov	haus
nwg	nam	nwg	txiv
qub	zej	qub	zog
muaj	tshoob	muaj	kug
sib	hais	sib	cav
txog	ub	txog	no
xav	tau	xav	yuav
raws	pab	raws	pawg
yog	caij	yog	nyoog
thaam	moog	thaam	lug
npau	dub	npau	suav
tsw	lwj	tsw	kas
lub	sab	lub	ntsws
cov	txuj	cov	ci
mloog	qab	mloog	hauv
me	siab	me	ntsws
los	ub	los	no
npaj	txhij	npaj	txhua
rhawv	liaj	rhawv	teb
luag	niam	luag	txiv
nej	niam	nej	txiv
nyias	neej	nyias	tsav
khau	maj	khau	ntuag
ntsia	tooj	ntsia	hlau
yuav	coj	yuav	ua
tsev	mob	tsev	tuag
nqaij	liab	nqaij	ci
kaum	vaj	kaum	tsev
sib	txij	sib	luaj
qav	nom	qav	tswv
ua	ntsej	ua	muag
mus	noj	mus	haus
ib	tsam	ib	pliag
ua	vij	ua	swv
ua	mob	ua	nkees
tuaj	noj	tuaj	haus
ua	txiaj	ua	ntsim
pauj	txiaj	pauj	ntsim
zov	ploj	zov	tuag
lub	txiaj	lub	ntsim
tau	ntsej	tau	muag
peb	nom	peb	tswv
ntawg	zaub	ntawg	mov
koj	pog	koj	yawg
txog	poj	txog	yawm
kab	ntsig	kab	nog
tau	plaub	tau	ntug
saib	mob	saib	tuag
tas	teb	tas	chaw
cov	nom	cov	tswv
saib	tshoob	saib	kos
nruab	zoov	nruab	tsuag
txheeb	ub	txheeb	no
muaj	tooj	muaj	hlau
ua	loj	ua	me
noj	zaub	noj	mov
ua	plag	ua	xau
mloog	qeej	mloog	nruas
them	nuj	them	nqi
rub	rooj	rub	tog
txiv	qeej	txiv	duas
da	quav	da	zis
mus	xauj	mus	xyuas
lav	nom	lav	tswv
me	ntxhais	me	vauv
muaj	rooj	muaj	tog
khoom	noj	khoom	haus
kwv	iab	kwv	daw
muaj	neej	muaj	tsav
vij	sub	vij	sw
txhua	pab	txhua	xeem
sib	pab	sib	txhawb
txiv	qeej	txiv	neeb
cov	nam	cov	txiv
txiv	laus	txiv	hluas
hais	mus	hais	los
ua	tsov	ua	plis
tsi	meej	tsi	raug
lus	plaub	lus	ntug
qhov	ntsej	qhov	muag
tsaws	mus	tsaws	los
ntawm	ncauj	ntawm	lu
txhais	mus	txhais	los
tub	txib	tub	qhe
pob	zeb	pob	ca
koom	roj	koom	ntshav
sib	ntsib	sib	pum
saib	mus	saib	los
nriav	teb	nriav	chaw
muaj	qab	muaj	quas
hnov	ub	hnov	no
me	kab	me	ntsaum
tshum	ntab	tshum	muv
me	ntab	me	muv
muaj	qab	muaj	hau
txawb	ub	txawb	no
ib	hnub	ib	hmo
tab	siab	tab	ntsws
nrhiav	txij	nrhiav	nkawm
qhov	nyiaj	qhov	kub
qhov	tooj	qhov	hlaus
tsev	zeb	tsev	tsua
yoo	tshaib	yoo	nqhis
paj	hmab	paj	ntoo
teem	lwj	teem	liam
tsis	tiaj	tsis	tus
txoj	pa	txoj	sia
kawm	txhij	kawm	txhua
xuas	nyaj	xuas	kub
yug	nam	yug	txiv
tsi	dleb	tsi	ze
ntshaw	kwv	ntshaw	tij
tua	nyuj	tua	npua
nqaij	dev	nqaij	tshis
muaj	lag	muaj	luam
paub	siab	paub	qis
luag	kwv	luag	tij
sib	caav	sib	tshe
yog	neej	yog	tsaav
raug	ntes	raug	tua
muaj	liaj	muaj	teb
paub	siab	paub	nqi
do	quav	do	zis
ua	phem	ua	zoo
ntse	ncaj	ntse	ncees
kwv	luag	kwv	npawg
tsis	ncaj	tsis	zoo
mus	pab	mus	xyuas
mus	xauj	mus	pab
tsis	taij	tsis	thov
ua	yeeb	ua	tshuaj
siab	phem	siab	zoo
yug	teb	yug	chaw
muaj	tsheb	muaj	nkoj
muaj	kiab	muaj	khw
tej	nyuj	tej	twm
nqaij	nyuj	nqaij	twm
kua	roj	kua	ntsev
puab	dib	puab	daub
ua	vaj	ua	tsev
tej	roj	tej	ntsev
sib	khib	sib	ntxub
nqaum	paj	nqaum	nruas
xaiv	nkauj	xaiv	nraug
xaiv	txij	xaiv	nkawm
taug	neej	taug	tsaav
zoo	neej	zoo	tsav
muaj	pib	muaj	xaus
sib	koom	sib	hlub
yav	ped	yav	nrad
lub	hlwb	lub	cev
txoj	siav	txoj	pa
neb	zej	neb	zos
txawj	coj	txawj	ua
yuav	noj	yuav	haus
dawj	mus	dawj	los
ua	tij	ua	kwv
zoo	caij	zoo	nyoog
poj	dub	poj	dawb
yuav	xyoob	yuav	ntoo
pam	vov	pam	pua
noob	qij	noob	dos
me	qij	me	dos
ua	loj	ua	lug
nej	kwv	nej	tij
noj	siav	noj	zog
twv	ub	twv	no
pab	kwv	pab	tij
kam	nom	kam	tswv
tau	nyob	tau	su
tsheej	phab	tsheej	pheev
sib	ntsib	sib	fim
nws	roj	nws	ntshav
yuav	dub	yuav	dawb
xeeb	zeej	xeeb	ntxwv
yog	niam	yog	txiv
nruab	ntaub	nruab	ntawv
rau	roj	rau	ntsev
muaj	qib	muaj	quag
lawv	teb	lawv	chaw
pab	nyiaj	pab	txiaj
muab	phom	muab	riam
ntau	txhiab	ntau	tiam
nto	koob	nto	moo
pub	teb	pub	chaw
nkaum	tshav	nkaum	nag
ywj	faab	ywj	fwj
raug	cuab	raug	khi
kho	kwv	kho	tij
kho	phooj	kho	ywg
tsheej	pab	tsheej	pawg
tsawg	pab	tsawg	pawg
kwv	noj	kwv	haus
lwm	leej	lwm	tug
taug	keeb	taug	kwm
yuav	txawj	yuav	ntse
cuag	liab	cuag	cuam
txhaum	kev	txhaum	cai
muaj	paus	muaj	nqi
ua	voj	ua	viag
peb	poj	peb	yawm
kaum	vaaj	kaum	tsev
muaj	siv	muaj	npog
ua	txwj	ua	nkawm
puas	tsav	puas	yam
tsis	ntab	tsis	ntws
teb	lwj	teb	liam
koj	zej	koj	zos
tsi	paus	tsi	ntsis
qhuas	qab	qhuas	tsau
yus	nug	yus	teb
txeeb	nyiaj	txeeb	txiaj
ntsis	riam	ntsis	phom
puab	zej	puab	zog
taw	ub	taw	no
xuas	riam	xuas	qws
lus	xaiv	lus	cua
yog	plaub	yog	ntug
ceg	siab	ceg	qes
raws	kab	raws	kev
kev	chawj	kev	chim
ib	teb	ib	chaw
poob	teb	poob	chaw
ib	tog	ib	peg
dhia	siab	dhia	nqi
peem	ntuj	peem	teb
lub	siab	lub	plawv
zaum	rooj	zaum	tog
sib	cav	sib	ntau
kev	lag	kev	luam
tub	mab	tub	qhev
cov	roob	cov	hav
xeeb	neej	xeeb	tsaav
ua	saab	ua	sua
lawg	moog	lawg	lug
yug	teej	yug	tug
muaj	qaab	muaj	quas
tsis	caj	tsis	tuag
miv	tub	miv	nyuas
luas	puj	luas	txiv
saib	tsawv	saib	yaig
hau	dej	hau	cawv
tua	liab	tua	cuam
ua	tooj	ua	hlau
dab	txeej	dab	qus
nyiag	nas	nyiag	noog
tej	phooj	tej	ywg
pheev	caj	pheev	tuag
mus	ncaj	mus	ncees
txog	nplog	txog	thaib
sib	ntaus	sib	ncaws
kev	laj	kev	kam
ib	zej	ib	zos
sib	hlub	sib	hwm
puag	niaj	puag	xyoo
zov	teb	zov	tsev
yog	paj	yog	txiv
roob	zeb	roob	tsua
ua	koob	ua	npe
puas	paub	puas	pom
nyuj	ciab	nyuj	ncau
tas	phab	tas	pheev
leeg	nyuj	leeg	twm
roob	nqeeb	roob	tauj
nqa	diav	nqa	tais
kaus	hmab	kaus	ntoo
sib	koom	sib	sau
ciaj	vaj	ciaj	haiv
tas	siav	tas	zog
ceg	ntev	ceg	luv
dhia	ciaj	dhia	tuag
nthe	siab	nthe	nqi
suab	raj	suab	ncas
rau	tod	rau	nrad
mus	tawb	mus	khawm
tau	khawm	tau	hnia
tus	zoo	tus	phem
tsis	tas	tsis	xaus
thaiv	teb	thaiv	chaw
noob	qaib	noob	npua
noj	seem	noj	so
mus	nom	mus	tswv
ntau	hnub	ntau	hmo
tau	khawm	tau	puag
tsis	cem	tsis	thuam
los	khawm	los	hnia
tim	roj	tim	ntshav
li	roj	li	ntshav
sib	hais	sib	kho
sib	chim	sib	ntxub
tshav	noj	tshav	haus
teb	ncaj	teb	ncees
lus	nkhib	lus	nkhaus
quav	qaib	quav	npua
thim	laj	thim	sob
pem	ntuj	pem	teb
thov	txim	thov	thuv
lus	foob	lus	cua
qub	phooj	qub	ywg
nkawm	laj	nkawm	kam
ua	sub	ua	npog
xeeb	luj	xeeb	lam
kaus	tes	kaus	taw
ua	kub	ua	ntxhuv
yus	kwv	yus	tij
teem	ntsuj	teem	hlauv
muaj	ntaub	muaj	ntawv
tau	faj	tau	fwv
tus	tub	tus	ntxhais
puab	nam	puab	txiv
ntau	paab	ntau	pawg
tej	sab	tej	ntsws
koom	sab	koom	ntsws
sis	ntaus	sis	tua
siv	rag	siv	phom
kev	hloov	kev	khu
taag	zej	taag	zog
nqa	riam	nqa	phom
qhov	quav	qhov	zis
qhov	dub	qhov	dawb
plam	tes	plam	taw
khuam	tes	khuam	taw
ua	dab	ua	tsov
nto	koob	nto	npe
ntshaw	ntsej	ntshaw	muag
hlab	siab	hlab	ntsws
nai	phoo	nai	pha
tso	vaj	tso	tsev
cev	ncauj	cev	lu
nees	huab	nees	cua
hais	hlob	hais	yau
hais	daj	hais	deev
txhab	nyiaj	txhab	kub
pom	ntsej	pom	muag
tag	pab	tag	pawg
txhais	yej	txhais	ntxiab
muab	dej	muab	cawv
kaug	ub	kaug	no
xuas	riam	xuas	phom
chaws	txawb	chaws	rau
hwm	nom	hwm	tswv
ua	lag	ua	luag
noj	seem	noj	sos
tas	siab	tas	ntsws
siv	dej	siv	cawv
txhaus	dej	txhaus	cawv
muaj	xeej	muaj	xwm
kev	tshoob	kev	kos
mloog	nom	mloog	tswv
paub	qab	paub	haus
ua	lwj	ua	lam
tsi	kub	tsi	txag
ua	dlev	ua	npua
yus	zaub	yus	hno
dhia	dej	dhia	num
lug	ntxhib	lug	ntxho
txhua	yam	txhua	tsav
lawb	kwv	lawb	tij
peb	nam	peb	txiv
neeg	txwj	neeg	laug
tua	vaaj	tua	fwv
thov	koob	thov	moov
khuam	ntab	khuam	ntuv
mag	cuab	mag	kaws
kwv	riam	kwv	phom
lub	plab	lub	plawv
ywj	siab	ywj	ntsws
ua	swv	ua	npog
hmos	ub	hmos	no
xu	dloj	xu	dlaag
hwm	keeb	hwm	kwm
tus	nom	tus	tswv
tswj	teb	tswj	chaw
tua	dev	tua	npua
mej	nam	mej	txiv
xu	doj	xu	das
nej	teej	nej	tug
kab	mob	kab	nkees
puas	tsuaj	puas	ntsoog
tiv	mob	tiv	nkees
tuam	meej	tuam	pem
los	cob	los	qhia
sem	nqaij	sem	tawv
muaj	dlej	muaj	cawv
puag	tes	puag	taw
muaj	txuj	muaj	ci
txhua	tsaav	txhua	yaam
kawg	plaab	kawg	plawv
tug	dlaag	tug	zug
ntsuj	dluab	ntsuj	hlaus
nws	poj	nws	yawm
peb	saib	peb	xyuas
nqa	nyiaj	nqa	txiaj
tsi	tag	tsi	kawg
xav	kwv	xav	tij
nta	dab	nta	qhua
tag	nuj	tag	nqi
tsis	ciaj	tsis	tuag
tej	ntaub	tej	ntawv
tej	tsiaj	tej	txhuv
rau	dab	rau	qhua
tiam	dab	tiam	qhua
khaws	chawj	khaws	chim
cov	nyiaj	cov	txiaj
ti	nuj	ti	nqi
yog	txiaj	yog	ntsim
txij	toj	txij	pes
leg	qav	leg	num
pab	qhuab	pab	qhia
rau	poj	rau	yawm
sib	lam	sib	tua
nrog	kev	nrog	cai
nws	txawj	nws	ntse
tswv	luaj	tswv	hav
zaj	txwj	zaj	laus
xob	txwj	xob	laus
taag	phaab	taag	pheev
muaj	tub	muaj	kiv
chaw	pib	chaw	xaus
tus	ntaub	tus	ntawv
koj	txuj	koj	ci
koj	teej	koj	tug
rooj	zeb	rooj	hlau
niag	tsiaj	niag	txhuv
rau	vaj	rau	tsev
muaj	kuab	muaj	tshuaj
nyiag	noj	nyiag	haus
nws	dej	nws	num
qhov	ntsej	qhov	ntswg
peem	ciaj	peem	tuag
tub	ntsoj	tub	ntsuag
dam	tes	dam	taw
yuav	nyab	yuav	vauv
hmoob	noj	hmoob	haus
zoo	hnub	zoo	nyoog
raug	keeb	raug	kwm
tug	ub	tug	no
muab	vaj	muab	tsev
sab	ub	sab	no
kwv	yaig	kwv	luag
kwv	rag	kwv	phom
tuag	tshaib	tuag	nqhis
ua	khab	ua	khuav
nyias	teb	nyias	chaw
rau	noj	rau	haus
thoob	teb	thoob	chaw
rau	teb	rau	chaw
tej	ub	tej	no
tub	txib	tub	hu
ncig	zej	ncig	zos
cem	nom	cem	tswv
nram	vaj	nram	tsev
nrog	nom	nrog	tswv
coob	leej	coob	tus
tua	nas	tua	noog
roob	loj	roob	siab
lus	nom	lus	tswv
ntshaw	noj	ntshaw	haus
luas	teb	luas	chaw
kwv	dej	kwv	taws
pub	qaib	pub	npua
mus	liaj	mus	teb
dej	kub	dej	txias
plaub	quav	plaub	zis
cua	kub	cua	txias
cuab	nas	cuab	noog
paab	tes	paab	taw
tu	ub	tu	no
kuv	nam	kuv	txiv
ntsuag	txij	ntsuag	nkawm
kev	mob	kev	nkees
ua	nrw	ua	nrees
tej	khauj	tej	muam
tuag	tshaib	tuag	nqhe
nwg	neej	nwg	tsaav
uas	liaj	uas	teb
cog	qoob	cog	loo
nyiaj	hnub	nyiaj	hlis
tej	maab	tej	suav
tub	maab	tub	qhe
nraav	noj	nraav	haus
ua	phem	ua	qas
noj	fawm	noj	qaub
xis	teb	xis	chaw
tsi	taj	tsi	tug
nwg	ua	nwg	le
nchuav	ntab	nchuav	ntws
tej	neej	tej	tsa
xaiv	txwj	xaiv	nkawm
taug	kwv	taug	tij
taug	neej	taug	tsav
ntshai	plaub	ntshai	ntug
sib	khib	sib	tua
xa	ntaub	xa	ntawv
coj	kub	coj	ceev
tu	plaub	tu	ntug
kev	noj	kev	naav
kev	tshaib	kev	nqhe
cov	ntaub	cov	ntawv
uas	dog	uas	dig
tsheej	pab	tsheej	pheev
sib	chab	sib	chaws
sib	thuam	sib	tshum
koom	siab	koom	ntsws
sab	dawb	sab	dub
hmoob	nom	hmoob	tswv
yeej	cem	yeej	hais
sib	thuam	sib	cam
fim	ntsej	fim	muag
txhob	cheem	txhob	cem
cuag	dev	cuag	npua
txhab	zaub	txhab	mov
quav	ub	quav	no
to	ntej	to	qab
qhov	pim	qhov	qau
lis	teb	lis	chaw
cuag	puj	cuag	yawg
quas	puj	quas	yawm
yuav	pom	yuav	paub
ntoo	loj	ntoo	me
tag	kwv	tag	tij
txhua	niaj	txhua	xyoo
hu	kwv	hu	tij
muaj	teej	muaj	tug
naj	nub	naj	mo
nwg	nyob	nwg	ua
ua	phem	ua	qias
faib	ub	faib	no
dig	ub	dig	no
rab	hluas	rab	laus
tshom	zeb	tshom	tsua
lawm	kwv	lawm	tij
tsis	qab	tsis	tsuag
neb	txuj	neb	ci
hla	niam	hla	txiv
dlawm	nraab	dlawm	nrw
rau	pem	rau	nram
ua	kub	ua	heev
tsi	txhij	tsi	txhua
mus	ploj	mus	tuag
vij	dab	vij	npog
nyiaj	laj	nyiaj	kam
kis	toj	kis	pes
hais	kwv	hais	tij
ua	dlawb	ua	huv
siab	phem	siab	qias
siv	dag	siv	zog
lus	xaiv	lus	ncua
tej	zeb	tej	tsua
qhov	yog	qhov	raug
hmoob	zej	hmoob	zos
hu	niam	hu	txiv
tej	roob	tej	hav
ib	sij	ib	lwm
txiv	maab	txiv	ntoo
noog	paus	noog	ntsis
lub	vaaj	lub	tsev
muaj	laj	muaj	kam
hmoob	dab	hmoob	tsi
chaw	noj	chaw	pw
nws	zej	nws	zos
lub	hnub	lub	hmo
tsis	txwv	tsis	txiav
hloov	nom	hloov	tswv
khuab	roob	khuab	hav
tus	ntsuj	tus	plig
raug	kev	raug	cai
pob	zeb	pob	a
phaum	niam	phaum	txiv
tub	laj	tub	kam
sib	ncaim	sib	nco
ntaim	noj	ntaim	haus
nplog	zej	nplog	zos
yuav	rag	yuav	phom
sib	nrug	sib	tawg
neeg	ncaj	neeg	zoo
tej	dej	tej	hav
lus	dev	lus	npua
yoos	tshaib	yoos	nqhis
nriav	noj	nriav	haus
cov	hluas	cov	laus
peb	vaj	peb	tsev
coj	ntaub	coj	ntawv
ti	tes	ti	taw
muab	riam	muab	phom
qee	leej	qee	pawg
peb	teej	peb	tug
sib	dag	sib	ceg
kaus	vej	kaus	vuam
qee	paab	qee	pawg
mag	cuab	mag	khi
muas	phaab	muas	lis
khiav	laj	khiav	kam
qub	zej	qub	zos
zaum	hnub	zaum	hli
ntsia	mus	ntsia	los
lus	thaib	lus	nplog
luag	nom	luag	tswv
mus	saib	mus	ntsia
niag	liab	niag	tsov
ntshaws	teb	ntshaws	chaw
muaj	roj	muaj	ntshav
lub	roob	lub	hav
ntxhais	txawj	ntxhais	ntse
lus	siab	lus	qis
noj	dawb	noj	do
hle	tes	hle	taw
paub	ntsej	paub	muag
yam	ub	yam	no
txeeb	teb	txeeb	chaw
ua	kub	ua	ntxhov
dab	ub	dab	no
cem	lwj	cem	liam
hlawv	xyab	hlawv	ntawv
raug	thuv	raug	txim
tau	phooj	tau	ywg
npws	niam	npws	txiv
pub	noj	pub	haus
kev	txog	kev	txhaum
tawm	ntsej	tawm	muag
dag	mab	dag	suav
sau	ntaub	sau	ntawv
muaj	neej	muaj	tsa
sib	hu	sib	pab
npaj	ntuj	npaj	teb
ywj	fab	ywj	fwj
ceg	hmab	ceg	ntoo
tsis	deb	tsis	zes
nco	niam	nco	txiv
cis	fij	cis	tom
zoo	nom	zoo	tswv
ib	txhab	ib	txhis
ntshaw	nom	ntshaw	tswv
ntshaw	noj	ntshaw	hnav
hloov	siab	hloov	ntsws
siv	sav	siv	zug
kev	ab	kev	khwv
fuab	noj	fuab	haus
nyias	pab	nyias	pawg
hnub	ub	hnub	no
xyoo	ub	xyoo	no
ntsub	lwj	ntsub	liam
xav	pom	xav	paub
ntuj	kub	ntuj	nag
sab	hauv	sab	sau
nyob	deb	nyob	ze
sib	tham	sib	kho
niam	nplog	niam	hmoob
tu	koob	tu	moo
sib	hlub	sib	tshua
npuas	ncauj	npuas	ntswg
cim	ntsej	cim	muag
hauv	roj	hauv	ntshav
kev	ntseeg	kev	xav
caiv	ub	caiv	no
xeeb	teb	xeeb	chaw
tsis	tshaj	tsis	luv
mob	tes	mob	taw
sib	thuam	sib	hais
muab	txuj	muab	ci
sau	riam	sau	phom
muab	roj	muab	ntshaav
npuab	ub	npuab	no
xub	zoov	xub	tsuag
lob	ub	lob	nuav
xab	nom	xab	tswv
hmoob	daj	hmoob	dub
khav	qab	khav	tsau
txog	dej	txog	cawv
txawj	ub	txawj	no
thov	ntuj	thov	teb
muaj	txheeb	muaj	ze
tshuav	nom	tshuav	tswv
rau	kev	rau	cai
hauv	zej	hauv	zos
tsi	roj	tsi	ntshav
muaj	txhij	muaj	txhua
xyaws	mab	xyaws	suav
ncha	teb	ncha	chaw
tau	noj	tau	hnav
koj	pab	koj	pawg
ntwg	hnov	ntwg	nco
leej	nam	leej	txiv
tu	vaaj	tu	tsev
tuam	nyiaj	tuam	txiaj
tham	mab	tham	suav
twb	pom	twb	paub
ntsiab	ub	ntsiab	no
tom	mab	tom	suav
nws	noj	nws	haus
yam	qab	yam	tsuag
rau	dev	rau	npua
qub	txeej	qub	teg
xov	ub	xov	no
tso	quav	tso	zis
kev	caub	kev	chim
ntsuag	niam	ntsuag	txiv
yuav	hlub	yuav	nyiam
peb	teb	peb	chaw
yoog	teb	yoog	chaw
ntshai	dab	ntshai	tsov
daim	tshiab	daim	zoo
siab	mos	siab	muag
tab	dab	tab	qhua
tsis	loj	tsis	me
txawm	zoo	txawm	phem
lim	ntsuj	lim	cev
sim	zaub	sim	mov
khu	ub	khu	nua
pab	qav	pab	num
muaj	txwj	muaj	nkawm
muaj	tes	muaj	taw
qhuas	hlob	qhuas	yau
zoo	txwj	zoo	nkawm
no	vwm	no	ntshe
raus	tes	raus	taw
dej	qav	dej	num
poo	teb	poo	chaw
poo	nom	poo	tswv
muab	noj	muab	haus
yos	roob	yos	hav
lus	phem	lus	zoo
kho	neej	kho	tsa
puv	toj	puv	pes
tshuav	kwv	tshuav	tij
yuav	koob	yuav	npe
tsis	paub	tsis	hnov
nruab	roob	nruab	hav
uas	nom	uas	tswv
zoo	kwv	zoo	tij
sis	hlub	sis	paab
paub	sab	paub	qeg
yus	noj	yus	haus
twg	yeej	twg	swb
tsi	mob	tsi	khaus
yuav	yeej	yuav	swb
tau	ntau	tau	tsawg
hmoob	thaib	hmoob	nplog
coj	ncaj	coj	ncees
kev	lwj	kev	liam
nyuag	fuab	nyuag	cua
noj	ntuj	noj	teb
cuag	nom	cuag	tswv
laug	caij	laug	nyoog
mus	ntoj	mus	thuv
tshawb	saib	tshawb	xyuas
hau	teb	hau	chaw
nam	hlub	nam	yau
hav	hmab	hav	zoov
caag	maab	caag	ntoo
saib	neej	saib	tsav
lwj	siab	lwj	ntsws
tug	dab	tug	qhua
muaj	plaub	muaj	ntug
kev	ntoj	kev	thuv
kev	tsov	kev	rog
rag	txuj	rag	ci
nyias	txheeb	nyias	ze
tawm	roj	tawm	ntshav
yuav	teb	yuav	chaw
tau	nyaj	tau	txaj
muaj	sab	muaj	ntsws
miv	tub	miv	ntxhais
dav	tooj	dav	hlau
saum	huab	saum	cua
tsoo	rooj	tsoo	tog
cuab	ub	cuab	no
ua	tshav	ua	nag
tawm	roj	tawm	ntshaav
cov	txawj	cov	ntse
txiv	pluj	txiv	plaag
rau	ub	rau	nua
hmoob	nam	hmoob	txiv
hai	ub	hai	no
kuv	ntsib	kuv	pom
nws	nyiam	nws	hlub
paub	ntaub	paub	ntawv
hmoob	txuj	hmoob	ci
ntees	mob	ntees	tuag
hau	zej	hau	zos
raug	ntaus	raug	ncaws
tsim	teev	tsim	tsi
lub	pag	lub	xau
tus	loj	tus	me
los	noj	los	haus
tam	liaj	tam	teb
paub	dab	paub	qhua
yog	nom	yog	tswv
hneev	tes	hneev	taw
luam	ntaub	luam	ntawv
sib	khawm	sib	puag
hu	ntuj	hu	teb
ceg	siab	ceg	qis
nkim	ncauj	nkim	lu
xav	siab	xav	nqi
dab	vaj	dab	tsev
kom	txawj	kom	ntse
ntshai	ub	ntshai	no
tsis	mob	tsis	vwm
cab	nyuj	cab	npua
kev	zej	kev	zos
siab	ntev	siab	luv
lub	zos	lub	nroog
ua	nub	ua	mo
txawm	loj	txawm	me
kev	hlub	kev	nyiam
tsis	ntsib	tsis	pom
npaj	ub	npaj	no
suav	mus	suav	los
tsis	nyiam	tsis	hlub
muag	dawb	muag	do
qig	ncauj	qig	lu
tsis	ncaj	tsis	ncees
xyaw	mab	xyaw	suav
txau	noj	txau	haus
khoom	noj	khoom	siv
ntau	leej	ntau	tug
yaam	ub	yaam	nua
tag	phab	tag	pheev
txheej	paab	txheej	pawg
raws	kwv	raws	tij
muag	vaj	muag	tsev
npooj	xyoob	npooj	ntoo
ntxeev	nom	ntxeev	tswv
tej	xyoob	tej	ntoo
nyag	paab	nyag	pawg
ua	qoob	ua	loo
saib	moog	saib	lug
xaav	moog	xaav	lug
cav	loj	cav	me
kaum	liaj	kaum	teb
suav	caij	suav	nyoog
tawg	cuab	tawg	yim
nom	ub	nom	no
nkuaj	liab	nkuaj	cuam
me	nas	me	noog
txoj	hmab	txoj	hlua
tej	dlej	tej	num
muas	zaub	muas	mov
tsis	yog	tsis	zoo
leeg	niam	leeg	txiv
sib	tshum	sib	tog
kws	txaij	kws	nraug
lus	mab	lus	suav
hais	lwj	hais	liam
nrog	quav	nrog	zis
ua	phab	ua	pheev
cag	hmab	cag	ntoo
me	kab	me	noog
zuag	ub	zuag	no
kws	txwj	kws	laus
rooj	plaub	rooj	ntug
sib	tshum	sib	tshoob
tsi	khib	tsi	chim
cov	nyiaj	cov	kub
qw	ciaj	qw	tuag
phiv	ub	phiv	no
vis	mus	vis	los
nruab	liaj	nruab	teb
qas	neej	qas	dab
tub	qav	tub	num
pov	riam	pov	phom
nrog	fuab	nrog	cua
hlev	liab	hlev	ntsuab
tsis	hlub	tsis	pab
nriav	poj	nriav	sev
lwm	paab	lwm	pawg
kaug	ub	kaug	nua
lam	nyob	lam	sib
nplua	noj	nplua	haus
yam	phem	yam	zoo
dag	niam	dag	txiv
muaj	poj	muaj	sev
nyuag	kwv	nyuag	tij
tus	tub	tus	kiv
txhob	khib	txhob	chim
tso	tub	tso	kiv
tuav	cuab	tuav	yim
kho	ub	kho	no
xauj	ub	xauj	no
pub	mov	pub	mi
hais	ciaj	hais	tuag
tshum	siab	tshum	nqi
cuag	pog	cuag	yawg
lug	txhij	lug	txhua
nyag	nam	nyag	txiv
txeeb	noj	txeeb	haus
lug	zoo	lug	phem
yus	hnub	yus	hmo
tus	vaj	tus	tsev
kev	txob	kev	txhawj
me	neej	me	tsav
me	kwv	me	tij
qab	txag	qab	txee
ntsuag	teb	ntsuag	chaw
ntsuag	kwv	ntsuag	tij
noj	nas	noj	noog
muaj	cag	muaj	ceg
nraug	kev	nraug	cai
txawj	mob	txawj	tuag
chim	ub	chim	no
nyias	txawj	nyias	ntse
tiv	tsov	tiv	rog
muaj	txij	muaj	nkawm
hlub	teb	hlub	chaw
yuav	txwj	yuav	nkawm
ntau	plaub	ntau	ntug
ua	vaaj	ua	tsev
taag	zaaj	taag	zug
pov	hwm	pov	yoom
dab	roob	dab	hav
qhov	zeb	qhov	tsua
txiv	zej	txiv	zog
qhov	cub	qhov	txus
sib	khib	sib	tsum
hle	moog	hle	lug
lub	meej	lub	npe
niam	laus	niam	hluas
luag	vaj	luag	tsev
rov	qaab	rov	quav
sawv	txhij	sawv	txhua
zoo	vaj	zoo	tsev
lawv	ciaj	lawv	tuag
yaug	ncauj	yaug	lu
lawv	pog	lawv	yawg
mus	cem	mus	hais
me	nyiaj	me	txiaj
tug	yeej	tug	swb
kev	nyob	kev	noj
kev	noj	kev	ua
npaj	riam	npaj	phom
koj	tub	koj	kiv
pav	tes	pav	taw
hauv	riam	hauv	phom
haus	yeeb	haus	tshuaj
muaj	zaub	muaj	mov
nyuag	qaib	nyuag	npua
dlej	kub	dlej	npau
peb	dab	peb	qhua
tus	poj	tus	yawm
yog	phooj	yog	ywg
kuv	pom	kuv	paub
nkaum	ub	nkaum	no
tso	kwv	tso	tij
tso	nam	tso	txiv
tso	neej	tso	tsaav
tseev	noj	tseev	haus
qhia	ub	qhia	no
ib	sij	ib	pab
pa	hlob	pa	yau
nqis	tshoob	nqis	kos
xav	ntev	xav	luv
yug	tub	yug	ntxhais
sib	ntsib	sib	pom
zoo	phooj	zoo	ywg
chob	mus	chob	los
xab	vaj	xab	tsev
ntsi	riam	ntsi	phom
lawv	txiaj	lawv	ntsim
fwm	niam	fwm	txiv
ntsuas	mus	ntsuas	los
nrau	mus	nrau	los
raug	ntes	raug	khi
lug	coj	lug	ua
tau	suab	tau	npe
tuam	tes	tuam	taw
dua	ub	dua	no
yus	caj	yus	ceg
muag	yeeb	muag	tshuaj
daj	lwj	daj	liam
plawm	ub	plawm	no
phov	ub	phov	no
kev	txhawb	kev	pab
ntiv	tes	ntiv	taw
yawm	niam	yawm	txiv
lug	tib	lug	thuam
nrhiav	liaj	nrhiav	teb
tug	kwv	tug	tij
qas	phab	qas	pheev
tej	rooj	tej	tog
muab	hnub	muab	hli
tub	qoob	tub	loo
noog	ub	noog	no
lub	paj	lub	cua
xyuas	neej	xyuas	tsav
suab	ntaj	suab	phom
teeb	liab	teeb	ntsuab
rau	neej	rau	tsav
vam	kwv	vam	tij
khi	tes	khi	taw
dim	dawb	dim	do
tsoo	ub	tsoo	no
paub	txob	paub	txhawj
tim	nplog	tim	thaib
muab	ub	muab	no
tsis	ruaj	tsis	khov
siab	nruj	siab	tsiv
tus	nruj	tus	tsiv
lis	noj	lis	haus
neeg	nruj	neeg	tsiv
yuam	kev	yuam	cai
tuav	ntaj	tuav	riam
phom	loj	phom	me
hav	xyoob	hav	ntoo
suav	nom	suav	tswv
hais	dog	hais	dig
cog	phooj	cog	ywg
qhov	ncauj	qhov	muag
raug	riam	raug	phom
tuag	tes	tuag	taw
yuav	phem	yuav	zoo
tus	cob	tus	qhia
thov	ntaub	thov	ntawv
yawg	tham	yawg	paub
phav	ub	phav	no
kev	ub	kev	no
hav	dej	hav	zoov
yog	teb	yog	chaw
sib	paub	sib	pom
muaj	tsuv	muaj	rog
kub	siab	kub	plawv
txawm	phem	txawm	zoo
kev	toj	kev	taug
has	txhij	has	txhua
koj	txheeb	koj	ze
tus	mab	tus	suav
lus	siab	lus	nqi
zab	ub	zab	no
mus	quaj	mus	qw
luag	tes	luag	taw
raw	kev	raw	cai
tag	vaj	tag	tsev
yog	kaab	yog	hlau
ntev	niaj	ntev	xyoo
rau	thuv	rau	txim
xeem	ub	xeem	no
dawj	plab	dawj	hnyuv
ke	tes	ke	taw
suab	luj	suab	miv
tsi	qab	tsi	tsuag
tsi	saib	tsi	xyuas
nws	plab	nws	hnyuv
tham	ub	tham	no
xaiv	mus	xaiv	los
cia	mab	cia	suav
tsis	txhawb	tsis	pab
uas	neeb	uas	yaig
tom	vaaj	tom	tsev
ntxua	nub	ntxua	mo
tau	ub	tau	no
tso	niam	tso	txiv
yawg	dab	yawg	ntsuag
muaj	phooj	muaj	ywg
ncaws	rooj	ncaws	tog
sab	neej	sab	tsav
nti	ntuj	nti	teb
ncig	ub	ncig	no
rhuav	mab	rhuav	suav
kaus	tooj	kaus	hlau
tos	kwv	tos	tij
noob	nom	noob	tswv
hmoob	dub	hmoob	dawb
leem	kev	leem	cai
tsoom	phooj	tsoom	ywg
tuaj	txhij	tuaj	txhua
cheb	vaj	cheb	tsev
tau	paub	tau	hnov
caij	mus	caij	los
tau	vaaj	tau	tsev
luas	nam	luas	txiv
yog	nam	yog	txiv
tiv	nag	tiv	tshav
tsoom	neej	tsoom	tsav
nriav	neeb	nriav	yaig
nco	txob	nco	txhawj
pab	hlub	pab	txhawb
mob	ntsuj	mob	plig
xim	liab	xim	ntsuab
ntuj	dub	ntuj	txig
dag	teb	dag	chaw
nrog	teb	nrog	chaw
tsi	pom	tsi	paub
zeem	kwv	zeem	tij
zeem	neej	zeem	tsav
tav	ntuj	tav	teb
ntoo	txwj	ntoo	laus
zoov	txwj	zoov	laus
pes	dog	pes	dig
qos	ntsej	qos	muag
qhov	tseeb	qhov	tsum
thau	riam	thau	phom
tswv	ntuj	tswv	teb
muab	qaib	muab	npua
sis	ntau	sis	tua
ntsis	phom	ntsis	hmuv
ua	dlej	ua	num
tsi	ncaaj	tsi	nceeg
hlub	kwv	hlub	tij
hlub	neej	hlub	tsav
mes	tub	mes	ntxhais
sib	daj	sib	dee
tsoob	lwj	tsoob	liam
yug	tub	yug	kiv
ua	txhij	ua	txhua
tswm	ntsej	tswm	muag
tus	ub	tus	nuav
yuav	ub	yuav	no
hais	ntuj	hais	teb
hloov	mus	hloov	los
koom	dab	koom	qhua
hmoob	poj	hmoob	yawm
raws	qib	raws	duas
tawg	kwv	tawg	tij
tsim	teb	tsim	chaw
hlob	mus	hlob	los
saib	dab	saib	qhua
muaj	tshoob	muaj	kos
lus	tshoob	lus	kos
ua	qeej	ua	nruas
tus	dab	tus	qhua
muaj	dej	muaj	num
kev	plaub	kev	ntug
kev	txij	kev	nkawm
sib	tshum	sib	txeeb
peb	roob	peb	hav
tau	koob	tau	meej
tsis	pab	tsis	hlub
sis	hlub	sis	pab
hauv	dej	hauv	cawv
kuv	vaj	kuv	tsev
hmoob	pom	hmoob	paub
neeg	siab	neeg	qis
muab	nyiaj	muab	txiaj
pauv	siab	pauv	ntsws
zov	hnub	zov	hmo
yeej	teb	yeej	chaw
hmoob	kev	hmoob	cai
nkuas	tes	nkuas	taw
meej	nom	meej	tswv
tam	niam	tam	txiv
hais	nom	hais	tswv
kev	kub	kev	ntaiv
tsum	toj	tsum	pes
sim	riam	sim	phom
chim	ntuj	chim	teb
tsheej	cuab	tsheej	yim
sib	zam	sib	kho
nyag	vaaj	nyag	tsev
tus	pom	tus	paub
muaj	caij	muaj	nyoog
tsoo	lwj	tsoo	liam
nruab	huab	nruab	cua
nrog	roj	nrog	ntshav
peb	kwv	peb	tij
lub	txim	lub	thuv
raws	qab	raws	quav
nrog	mab	nrog	suav
ntxhis	ntaj	ntxhis	phom
raug	plaub	raug	ntug
aus	ciaj	aus	tuag
tsoom	niam	tsoom	txiv
tau	nuj	tau	nqi
tej	koob	tej	npe
cam	ub	cam	no
tsi	ciaj	tsi	tuag
lawv	cuab	lawv	khi
chiaj	nom	chiaj	tswv
cheem	lwj	cheem	liam
pawg	ub	pawg	no
ua	kab	ua	noog
tso	dag	tso	tiag
tshwm	ntsej	tshwm	muag
lus	tseeb	lus	tsum
lob	ub	lob	nua
ua	xyoob	ua	ntoo
tej	nyiaj	tej	txiaj
tej	qav	tej	num
cua	nyab	cua	ntxhais
xav	noj	xav	haus
tsis	loj	tsis	siab
tsis	siab	tsis	qis
zais	ntsej	zais	muag
kawg	paus	kawg	ntsis
cov	poj	cov	yawm
kev	ncaj	kev	ncees
los	hmoob	los	nplog
cav	mus	cav	los
nrhiav	poj	nrhiav	sev
tsheej	zej	tsheej	zog
tim	vaj	tim	tsev
yuav	ntaub	yuav	ntawv
npuj	mus	npuj	los
daim	ntaub	daim	ntawv
lees	paub	lees	pom
neeg	txim	neeg	thuv
cuag	niam	cuag	txiv
yuav	loj	yuav	me
tag	roob	tag	hav
lwm	niaj	lwm	xyoo
zoo	sab	zoo	plawv
taws	rooj	taws	ntsa
txaus	tsaav	txaus	yaam
lav	ntuj	lav	teb
hloov	puj	hloov	yawm
foob	nom	foob	tswv
tib	ub	tib	no
twj	neeb	twj	yaig
naab	ris	naab	tsho
zoo	noj	zoo	haus
ua	ncauj	ua	lu
tos	noj	tos	haus
kho	vaj	kho	tsev
lus	daj	lus	luag
tsheej	phaab	tsheej	pheev
ua	dawb	ua	do
dai	zej	dai	zos
muab	roj	muab	ntshav
nej	pog	nej	yawg
puj	dog	puj	dig
tus	saib	tus	xyuas
lus	phem	lus	qias
plaub	ub	plaub	no
kua	kab	kua	hlau
moob	neej	moob	tsav
nqa	yeeb	nqa	tshuaj
nam	hlob	nam	yau
sawv	nom	sawv	tswv
qos	hmab	qos	ntoo
ntsuag	nom	ntsuag	tswv
xyuas	teb	xyuas	chaw
lawv	neej	lawv	tsav
lus	huab	lus	cua
moog	ncaaj	moog	nceeg
ua	pleeg	ua	yi
nram	zej	nram	zos
nce	roob	nce	hav
kis	zeb	kis	tsua
tshum	mus	tshum	los
rov	mus	rov	los
cais	paab	cais	pawg
zais	txuj	zais	ci
txhoov	lwj	txhoov	liam
muab	nyiaj	muab	kub
ib	txheej	ib	tis
yus	pog	yus	yawg
ua	nyiaj	ua	txiaj
pub	pog	pub	yawg
nyias	niam	nyias	txiv
muaj	tsov	muaj	rog
plaub	tes	plaub	taw
nyob	ub	nyob	no
saum	neej	saum	tsav
me	vaj	me	tsev
xam	ped	xam	nrad
muag	roj	muag	ntshav
tej	pab	tej	pawg
hloob	mus	hloob	los
hlob	moog	hlob	lug
yaim	moog	yaim	lug
dhia	qav	dhia	num
kab	tes	kab	taw
suab	ncauj	suab	lu
xwj	mus	xwj	los
tso	riam	tso	phom
kos	tes	kos	taw
ceg	xyoob	ceg	ntoo
saib	kwv	saib	tij
ciaj	nyiaj	ciaj	kub
txhob	chim	txhob	ntxub
lo	tes	lo	taw
ntau	niaj	ntau	xyoo
khiav	noj	khiav	haus
paub	kev	paub	cai
nyob	nuj	nyob	nqi
xuas	dag	xuas	zog
cov	neej	cov	tsav
tuav	laj	tuav	kam
nyias	cuab	nyias	yim
yawm	ub	yawm	no
muas	noj	muas	haus
lawv	noj	lawv	haus
dhia	lwj	dhia	liam
qaab	zeb	qaab	caa
zov	teb	zov	chaw
tu	kwv	tu	tij
tu	neej	tu	tsav
zaj	yog	zaj	zoo
tas	hnub	tas	hmo
lob	ntuj	lob	teb
kam	ub	kam	nua
tham	ub	tham	nuav
noj	ntau	noj	tsawg
ntsw	ub	ntsw	no
nrog	poj	nrog	yawm
qhov	dev	qhov	npua
nyas	noj	nyas	haus
tsa	dab	tsa	qhua
muab	txiaj	muab	ntsim
ntsuag	nyiaj	ntsuag	kub
ua	txheeb	ua	ze
muaj	ntxhais	muaj	vauv
rau	noj	rau	hnav
ntxhais	thaib	ntxhais	nplog
nws	poj	nws	sev
xav	phem	xav	zoo
twv	dag	twv	zog
txoj	koob	txoj	hmoov
ua	zoo	ua	phem
koom	noj	koom	haus
tos	tub	tos	kiv
me	roj	me	ntshav
pab	zej	pab	zos
ntawv	txwj	ntawv	nkawm
ua	kev	ua	cai
nrhiav	ub	nrhiav	no
thov	niam	thov	txiv
cuab	dab	cuab	tsov
muab	txheeb	muab	ze
xam	ub	xam	no
muaj	pluj	muaj	tuag
xaav	kwv	xaav	tij
cov	phem	cov	zoo
cov	phooj	cov	ywg
saib	tub	saib	ntxhais
yeej	tsov	yeej	rog
txav	xyoob	txav	ntoo
khaws	chim	khaws	ntxub
kuaj	mus	kuaj	los
koom	pab	koom	pawg
ya	mus	ya	los
nws	dab	nws	qhua
yuav	ploj	yuav	tuag
ntsia	siab	ntsia	qis
paj	xyoob	paj	ntoo
yawg	tod	yawg	ped
iab	siab	iab	plawv
nees	mus	nees	los
yuav	cem	yuav	thuam
lus	ub	lus	no
tus	dag	tus	zog
neeg	teb	neeg	chaw
nej	paub	nej	pom
xav	paub	xav	pom
hu	teb	hu	chaw
foom	ciaj	foom	tuag
lem	ub	lem	no
vuab	noj	vuab	haus
tau	neej	tau	tsav
koj	roj	koj	ntshav
tus	ntxhais	tus	vauv
koj	nuj	koj	nqi
nrov	teb	nrov	chaw
tuam	vaj	tuam	tsev
du	mus	du	los
qee	leej	qee	tus
nqi	tshoob	nqi	kos
yus	tub	yus	kiv
nyias	nom	nyias	tswv
thaj	yog	thaj	zoo
xav	txib	xav	hu
tau	mob	tau	nkees
zuag	khaub	zuag	tsuag
los	cav	los	cem
tshuav	txheeb	tshuav	ze
tshuav	phooj	tshuav	ywg
tos	vaj	tos	tsev
tsis	yog	tsis	raug
leeg	tes	leeg	taw
nyob	txhij	nyob	txhua
lug	dlev	lug	npua
yaam	ub	yaam	nuav
rau	tes	rau	taw
koj	paub	koj	pom
tau	niam	tau	txiv
tsoo	vaj	tsoo	tsev
muaj	siab	muaj	qis
qaug	yeeb	qaug	tshuaj
txiv	hlob	txiv	yau
mob	siab	mob	plawv
muaj	mus	muaj	los
tsis	tshaib	tsis	nqhis
tshwm	nyiaj	tshwm	txiaj
qhib	lag	qhib	luam
neeg	ub	neeg	no
niam	vaj	niam	tsev
muaj	dab	muaj	qhua
tsis	leej	tsis	tseeb
ntshaw	ub	ntshaw	no
tsawg	leej	tsawg	tus
luag	pab	luag	pawg
tuaj	qhuab	tuaj	qhia
txoj	laj	txoj	kam
yawg	niam	yawg	txiv
yaag	kev	yaag	ncua
yuav	mus	yuav	los
kom	txhij	kom	txhua
raug	vaj	raug	tsev
muaj	tub	muaj	ntxhais
tej	ub	tej	nua
ywj	sab	ywj	ntsws
zaub	nom	zaub	tswv
tu	siab	tu	plawv
tshaum	ub	tshaum	no
paj	nyiaj	paj	kub
yoog	roj	yoog	ntshav
lus	tsiaj	lus	txhuv
cob	dlej	cob	num
ntsa	zeb	ntsa	tsua
mus	saib	mus	xyuas
ncaim	niam	ncaim	txiv
koom	zej	koom	zog
cov	tub	cov	kiv
qhia	teb	qhia	chaw
qhia	nom	qhia	tswv
dag	ub	dag	no
koom	nom	koom	tswv
fuas	noj	fuas	haus
nws	teb	nws	chaw
yug	puj	yug	yawm
nplog	tes	nplog	taw
ua	roob	ua	hav
nqos	teb	nqos	chaw
paub	txhij	paub	txhua
pob	zeb	pob	av
me	teb	me	chaw
ua	nyiaj	ua	kub
yeej	dawb	yeej	do
yuav	poj	yuav	sev
yuav	pab	yuav	pawg
hlub	niam	hlub	txiv
ntshaw	nyiaj	ntshaw	txiaj
ua	tub	ua	kiv
neeg	zaub	neeg	mov
npaim	noj	npaim	haus
pam	noj	pam	haus
mus	hlub	mus	pab
tus	neej	tus	tsav
nug	tub	nug	ntxhais
hais	tshoob	hais	kos
txuas	tshoob	txuas	kos
tau	tub	tau	ntxhais
ncej	dab	ncej	qhua
pluaj	siab	pluaj	ntsws
yias	nom	yias	tswv
tiv	mab	tiv	suav
ua	nyuj	ua	nees
hawv	ub	hawv	no
nws	paub	nws	pom
muaj	vaaj	muaj	tsev
tej	rwj	tej	aws
ua	hmoob	ua	nplog
tham	loj	tham	me
khaw	yaj	khaw	yws
tsiv	noj	tsiv	haus
tsw	quav	tsw	zis
ncu	nam	ncu	txiv
ncu	kwv	ncu	tij
ncu	phooj	ncu	ywg
tawg	teb	tawg	chaw
txiaj	xyoob	txiaj	ntoo
lawv	dej	lawv	num
quav	nyuj	quav	npua
nrov	koob	nrov	npe
ntaus	teb	ntaus	chaw
chua	mus	chua	los
dhiab	siab	dhiab	nqi
yus	cuab	yus	khi
tshee	tes	tshee	taw
zoo	hnub	zoo	hmo
ncig	vaaj	ncig	tsev
fuas	ub	fuas	nua
xeem	loj	xeem	me
phem	ub	phem	no
me	rwj	me	aws
tau	tshoob	tau	kos
wb	noj	wb	haus
dheev	ub	dheev	no
muaj	riam	muaj	phom
taw	ciaj	taw	tuag
tsi	loj	tsi	siab
hle	ub	hle	no
pauv	noj	pauv	haus
hmoob	nplog	hmoob	thaib
txaus	chim	txaus	tu
cov	qeej	cov	nruas
suab	qeej	suab	nruas
yuav	mab	yuav	suav
qub	kev	qub	cai
ntee	ploj	ntee	tuag
zoo	liaj	zoo	teb
xyuas	niam	xyuas	txiv
kaus	xyoob	kaus	ntoo
pab	dawb	pab	do
khawb	toj	khawb	pes
khav	ciaj	khav	tuag
tshoob	nom	tshoob	tswv
hais	zoo	hais	phem
zog	ub	zog	no
yog	nyiaj	yog	kub
tej	ntxhais	tej	vauv
pauj	dab	pauj	qhua
pab	dag	pab	zog
tus	paub	tus	pom
tug	nom	tug	tswv
ntawv	nyiaj	ntawv	kub
qas	laus	qas	hluas
yuav	ruaj	yuav	khov
tuaj	tshiab	tuaj	lig
hmoob	txwj	hmoob	laus
ncig	txhij	ncig	txhua
luag	rooj	luag	tog
nyuag	dog	nyuag	dig
nrog	quaj	nrog	nyiav
los	thov	los	pe
pom	txiaj	pom	ntsim
xeeb	neej	xeeb	tsav
pe	niam	pe	txiv
khaum	tes	khaum	taw
xaus	tshoob	xaus	kos
noob	tshoob	noob	kos
nkauj	mab	nkauj	suav
nkauj	dub	nkauj	dawb
saib	siab	saib	nqi
kaam	teb	kaam	chaw
ua	neej	ua	tsaav
ua	ntev	ua	luv
rua	nam	rua	txiv
caiv	ub	caiv	nua
tug	pog	tug	yawg
kam	noj	kam	haus
lawb	neej	lawb	dab
qaum	liab	qaum	ntsuab
dim	quav	dim	zis
txoo	vaj	txoo	tsev
zoo	poj	zoo	sev
txua	leej	txua	tus
lawv	fuab	lawv	cua
qhov	nyaj	qhov	kub
qhov	zaub	qhov	mov
yas	tes	yas	taw
yuav	xyab	yuav	ntawv
ncoj	tes	ncoj	taw
poob	koob	poob	npe
sis	ntsib	sis	thaam
raws	neej	raws	tsav
nco	teb	nco	chaw
cig	mus	cig	los
khiav	ciaj	khiav	tuag
hu	neej	hu	tsa
luaj	ntuj	luaj	teb
luag	phooj	luag	ywg
txhua	ntsej	txhua	muag
tub	dej	tub	num
yus	zej	yus	zos
tau	zoo	tau	phem
ntau	txheej	ntau	tiam
kav	zej	kav	zos
yus	pab	yus	pawg
tim	niam	tim	txiv
yuav	kwv	yuav	tij
tus	ncaj	tus	zoo
tsi	qhuab	tsi	qhia
saib	zej	saib	zos
piav	ub	piav	no
qhov	dlev	qhov	npua
khiav	tsov	khiav	rog
cuag	hnub	cuag	hli
saib	ntsej	saib	muag
tuaj	koom	tuaj	pab
tsis	hnov	tsis	nco
ua	phaab	ua	pheev
kho	mus	kho	los
nqa	riam	nqa	txuas
caj	hmab	caj	ntoo
teg	xyab	teg	ntawv
tis	neej	tis	tsav
ua	nas	ua	noog
ntsis	tauj	ntsis	nqeeb
hmoob	txawj	hmoob	ntse
uas	pab	uas	pawg
tsom	siab	tsom	nqi
ntaiv	hnub	ntaiv	hli
me	xyoob	me	ntoo
lis	kwv	lis	tij
ntxo	ub	ntxo	no
lawv	nom	lawv	tswv
haav	tauj	haav	nqeeb
peb	txawj	peb	ntse
xais	nom	xais	tswv
roog	tshoob	roog	kos
rooj	ploj	rooj	tuag
ntawv	tshoob	ntawv	kos
tub	tshoob	tub	kos
taw	rooj	taw	ntsa
dib	noj	dib	haus
lawv	ntsej	lawv	muag
ntxia	noj	ntxia	haus
lawv	teej	lawv	tug
raws	dub	raws	mev
neeg	lwj	neeg	liam
quav	dej	quav	cawv
nyiam	plaub	nyiam	ntug
koj	noj	koj	haus
zuas	ub	zuas	no
nrab	neej	nrab	dab
zoo	niam	zoo	txiv
nqe	mis	nqe	hno
nqe	tshoob	nqe	kos
khiav	neej	khiav	tsav
cag	tshoob	cag	kos
yuav	neej	yuav	tsav
laug	hnub	laug	hli
sib	caav	sib	ceg
kho	zej	kho	zos
nruab	vaj	nruab	tsev
nrog	neej	nrog	tsav
ywg	ub	ywg	no
duav	nyiaj	duav	kub
noob	tsiaj	noob	txhu
noob	qoob	noob	loo
noob	xyoob	noob	ntoo
noob	neej	noob	tsav
ntsuam	ntuj	ntsuam	teb
leej	hlob	leej	yau
nkuaj	tsiaj	nkuaj	txhu
ntim	txuj	ntim	ci
txis	tshoob	txis	kos
hmuv	tooj	hmuv	hlau
tseg	tub	tseg	kiv
tum	ntej	tum	qab
tshuav	koob	tshuav	npe
paub	caij	paub	nyoog
mag	dawb	mag	do
ua	huab	ua	cua
txaus	chim	txaus	ntxub
kev	dlaab	kev	qhua
tuav	teb	tuav	chaw
khiav	dog	khiav	dig
ua	ub	ua	nuav
pab	teb	pab	chaw
sau	kwv	sau	tij
dlha	sab	dlha	qeg
los	txhawb	los	pab
tua	lwj	tua	liam
nwg	kwv	nwg	tij
tus	tseeb	tus	cuav
txhob	ntsib	txhob	pom
khoom	vaaj	khoom	tsev
lus	zoo	lus	phem
tug	tub	tug	ntxhais
tso	ncauj	tso	lu
pom	tshoob	pom	kos
rau	niam	rau	txiv
tau	nyiaj	tau	kub
ntub	quav	ntub	zis
txheeb	kwv	txheeb	tij
twv	ciaj	twv	tuag
ntoj	neeb	ntoj	yaig
saib	ntsuj	saib	hlauv
nrog	kwv	nrog	tij
tej	kev	tej	cai
lub	thuv	lub	txim
lub	nyiaj	lub	kub
vwm	ub	vwm	no
pe	nam	pe	txiv
peb	txuj	peb	ci
nej	poj	nej	yawm
kub	ub	kub	no
koj	ntsuj	koj	plig
mus	cuab	mus	khi
tshuav	tub	tshuav	kiv
tshuav	niam	tshuav	txiv
lawv	caij	lawv	nyoog
thoob	zej	thoob	zog
tau	qoob	tau	loo
thov	koob	thov	hmoov
niam	ciaj	niam	tuag
ntuas	ciaj	ntuas	tuag
teb	mus	teb	los
tsawm	zoo	tsawm	phem
tseem	nyiaj	tseem	kub
los	ncauj	los	lu
xav	hlub	xav	nyiam
nqi	vaj	nqi	tsev
muaj	pog	muaj	yawg
ib	vaj	ib	tsev
tshum	ub	tshum	nua
luag	zej	luag	zog
xav	ntsib	xav	tham
kho	qaib	kho	npua
mus	tham	mus	deev
tej	txiaj	tej	ntsim
tsib	nuj	tsib	nqi
ruam	ncaj	ruam	ncees
nwg	roj	nwg	ntshaav
uas	ub	uas	no
lus	dog	lus	dig
txeem	vaj	txeem	tsev
kaug	ub	kaug	nuav
plig	ntsuj	plig	hlauv
moog	ub	moog	nua
chaw	nyob	chaw	noj
li	teej	li	tug
lawv	ntsuj	lawv	hlauv
txij	ntuj	txij	teb
hmoob	yog	hmoob	zoo
lem	mus	lem	los
koom	pog	koom	yawg
muas	nom	muas	tswv
luab	nuj	luab	nqi
yuav	nom	yuav	tswv
nqaij	qaib	nqaij	npua
pheej	txib	pheej	khaiv
ntau	rooj	ntau	tog
huv	vaaj	huv	tsev
ua	ntxhais	ua	vauv
txhob	quaj	txhob	nyiav
caj	teb	caj	chaw
kam	tsov	kam	rog
nag	daj	nag	dub
ncawg	niam	ncawg	txiv
txawj	coj	txawj	pab
los	qhuab	los	qhia
qhia	txhij	qhia	txhua
meb	tub	meb	ntxhais
hais	pab	hais	pawg
lawv	liaj	lawv	teb
mus	koom	mus	pab
dawm	mus	dawm	los
lawv	poj	lawv	yawm
khaw	nyiaj	khaw	kub
xub	txawj	xub	ntse
ntaus	mus	ntaus	los
nug	kwv	nug	tij
xaiv	nom	xaiv	tswv
dej	iab	dej	daw
laj	tes	laj	taw
ki	toj	ki	pes
peb	noj	peb	haus
nplig	nyiaj	nplig	kub
plig	qoob	plig	loo
plig	tsiaj	plig	txhuv
tsi	loj	tsi	me
li	dag	li	tiag
li	mus	li	los
li	ciaj	li	tuag
tua	hneev	tua	phom
suav	niam	suav	txiv
tau	qaib	tau	npua
nti	tes	nti	taw
muaj	dej	muaj	cawv
paum	nyuj	paum	twm
pab	ntau	pab	tsawg
tau	tub	tau	kiv
nej	tub	nej	kiv
xwb	leej	xwb	ntxwv
tau	dawb	tau	do
nplog	teej	nplog	tug
tsi	tshaib	tsi	nqhis
los	koom	los	pab
tsev	nyiaj	tsev	kub
mos	ntuj	mos	teb
yos	noj	yos	haus
phem	ciaj	phem	tuag
zoo	ciaj	zoo	tuag
thiaj	loj	thiaj	dav
zoo	ncauj	zoo	lu
tau	koob	tau	hmoov
kuv	teb	kuv	chaw
raws	ntsuj	raws	hlauv
hais	dub	hais	dawb
ntim	zaub	ntim	mov
caab	nyuj	caab	twm
xaa	zaub	xaa	mov
faus	ruj	faus	neev
pub	puj	pub	yawm
thaj	ub	thaj	no
nta	cuab	nta	yim
yus	keeb	yus	kwm
luaj	qoob	luaj	loo
tas	zej	tas	zos
kev	mob	kev	tuag
nus	kwv	nus	tij
hlas	roob	hlas	hav
cog	neej	cog	tsav
luag	roj	luag	ntshav
tau	ntaub	tau	ntawv
zov	ruaj	zov	khov
dai	nyiaj	dai	kub
tos	nom	tos	tswv
yus	txiaj	yus	ntsim
txav	kwv	txav	tij
txav	neej	txav	tsaav
txav	puj	txav	yawm
xav	txheeb	xav	ze
xav	phooj	xav	ywg
neb	txiaj	neb	ntsim
ntees	pluj	ntees	tuag
nplaum	ciaj	nplaum	tuag
leev	moog	leev	lug
raws	mab	raws	suav
teg	dej	teg	num
qhua	neej	qhua	tsav
pam	ntev	pam	luv
pam	loj	pam	me
pom	niam	pom	txiv
pe	nom	pe	tswv
hawm	niam	hawm	txiv
pe	kwv	pe	tij
pe	txheeb	pe	ze
dlaus	xib	dlaus	npu
yuav	txij	yuav	nkawm
nra	noj	nra	haus
fee	mus	fee	los
ntim	ntsej	ntim	muag
thawj	ub	thawj	no
zov	vaj	zov	tsev
txaus	siab	txaus	ntsws
paub	kwv	paub	tij
paub	neej	paub	tsav
paub	txheeb	paub	ze
kws	ntaub	kws	ntawv
tab	nom	tab	tswv
txheeb	roj	txheeb	ntshav
qeej	kwv	qeej	tij
tsim	nuj	tsim	nqi
vaj	nom	vaj	tswv
tej	teb	tej	chaw
sau	qoob	sau	loo
tog	ub	tog	no
nra	zeb	nra	tsua
luag	tub	luag	kiv
li	niam	li	txiv
muaj	noj	muaj	hnav
li	kwv	li	tij
tsum	tsov	tsum	rog
tau	nqaij	tau	mov
tuaj	quaj	tuaj	nyiav
raug	ntau	raug	tua
ris	ntaj	ris	phom
chim	ciaj	chim	tuag
ua	daj	ua	dub
lawv	cem	lawv	hais
ntxim	nyiam	ntxim	hlub
nyag	noj	nyag	haus
noj	qab	noj	tsuag
ua	dag	ua	zog
seem	zoo	seem	phem
tus	daj	tus	dub
nplij	niam	nplij	txiv
ua	zej	ua	zog
txham	laj	txham	xwm
ua	moog	ua	lug
nyias	noj	nyias	haus
plig	nyaj	plig	kub
plig	tub	plig	ntxhais
plig	tub	plig	kiv
muaj	nyaj	muaj	txaj
puv	vaaj	puv	tsev
tseg	niam	tseg	txiv
tsawg	kwv	tsawg	tij
tau	paub	tau	pom
ua	niaj	ua	xyoo
thaiv	ntsej	thaiv	muag
li	txawj	li	ntse
lug	txawj	lug	ntse
nris	riam	nris	phom
lus	iab	lus	daw
tswm	ncauj	tswm	lu
nkaum	tsov	nkaum	rog
paub	nom	paub	tswv
tsuag	teb	tsuag	chaw
pab	zaub	pab	mov
tsis	cob	tsis	qhia
ntxhuav	ntsej	ntxhuav	muag
tug	txheeb	tug	ze
kuv	roj	kuv	ntshaav
hais	ruaj	hais	khov
tus	txawj	tus	ntse
cov	loj	cov	siab
ib	phab	ib	pheev
qub	nkauj	qub	nraug
yuav	lwj	yuav	liam
xav	ub	xav	no
ua	pab	ua	pheev
quaj	ntuj	quaj	teb
cov	zaub	cov	mov
lawv	dag	lawv	zog
raws	caij	raws	nyoog
nrhaav	noj	nrhaav	haus
muab	xyab	muab	ntawv
tus	kev	tus	cai
tig	ntsej	tig	muag
nplog	nom	nplog	tswv
xauv	tes	xauv	taw
xeev	ntaub	xeev	ntawv
yus	haub	yus	ntxias
nyob	txim	nyob	thuv
khib	ciaj	khib	tuag
pua	teb	pua	chaw
lav	ub	lav	no
tawm	ncauj	tawm	lu
laub	dej	laub	cawv
mloog	niam	mloog	txiv
xeeb	plaub	xeeb	ntug
kwv	ntuj	kwv	teb
tos	tub	tos	ntxhais
koom	roj	koom	ntshaav
me	teej	me	tug
muaj	dag	muaj	zog
tsom	mus	tsom	los
nyeem	mus	nyeem	los
nas	tub	nas	ntxhais
khaws	noj	khaws	haus
hlab	liab	hlab	ntsuab
koj	tub	koj	ntxhais
vaaj	hlub	vaaj	yau
neeg	paub	neeg	pom
tshoom	mus	tshoom	los
tau	noj	tau	siv
cab	nyuj	cab	twm
siv	tsiaj	siv	txhuv
caij	pab	caij	pawg
paub	paus	paub	ntsis
kom	loj	kom	dav
hmoob	zoo	hmoob	ncaj
hmoob	vaj	hmoob	tsev
koj	neej	koj	tsav
uas	neej	uas	tsav
tshooj	ub	tshooj	no
txis	txij	txis	nkawm
tis	neej	tis	tsaav
tes	quav	tes	zis
nej	pab	nej	pawg
xaa	moog	xaa	lug
txuas	leej	txuas	tus
nwg	noj	nwg	naav
qoj	pem	qoj	nram
nphau	toj	nphau	pes
tug	ntsuj	tug	plig
ntxeev	teb	ntxeev	chaw
txo	riam	txo	phom
nrog	qhuab	nrog	qhia
koj	vaaj	koj	tsev
sis	txib	sis	khaiv
tshuv	toj	tshuv	pes
teeb	rooj	teeb	tog
txia	mus	txia	los
luag	teej	luag	tug
nyiag	vaj	nyiag	tsev
txug	caij	txug	nyoog
tsheej	kab	tsheej	kev
yuav	pab	yuav	hlub
nyiag	ntaub	nyiag	ntawv
nug	niam	nug	txiv
muaj	xyab	muaj	ntawv
me	plaub	me	ntug
koj	txiaj	koj	ntsim
ntas	dab	ntas	qhua
kawg	txuj	kawg	ci
koom	poj	koom	yawm
ua	qav	ua	num
li	dev	li	npua
nyob	mus	nyob	los
saib	teb	saib	chaw
zoo	nam	zoo	txiv
zoo	koob	zoo	npe
moog	ntoj	moog	thuv
kub	toj	kub	pes
kev	ncaaj	kev	nceeg
has	dlog	has	dlig
lus	nyaj	lus	kub
tus	yog	tus	zoo
neb	vaj	neb	tsev
xawb	ub	xawb	no
nws	dag	nws	zog
dhiav	dag	dhiav	zog
dhiav	noj	dhiav	haus
muaj	siab	muaj	plawv
tej	hmab	tej	ntoo
niag	mab	niag	suav
ua	poj	ua	sev
le	teb	le	chaw
nyag	ub	nyag	nua
thaws	moog	thaws	lug
ndlog	moog	ndlog	lug
koj	caij	koj	nyoog
uas	nyiaj	uas	kub
tseem	nyaj	tseem	kub
poob	zeb	poob	tsua
tshav	tsov	tshav	rog
txawv	teb	txawv	chaw
uas	mus	uas	los
lam	txawj	lam	ntse
nqi	noj	nqi	haus
yog	poj	yog	yawm
zam	siab	zam	nqi
ciaj	zej	ciaj	zos
qhov	deb	qhov	ze
vim	neej	vim	tsav
plhu	txiaj	plhu	ntsim
cheem	tshoob	cheem	kos
ntuag	tub	ntuag	ntxhais
tau	ntxhais	tau	vauv
raug	phooj	raug	ywg
qhua	txwj	qhua	laus
qhua	nom	qhua	tswv
qhua	num	qhua	tswv
nws	qav	nws	num
pluag	noj	pluag	haus
paj	noj	paj	haus
tuaj	deb	tuaj	zes
thim	nqaij	thim	mov
ua	nkib	ua	nkaus
tog	tub	tog	ntxhais
nyeem	ntaub	nyeem	ntawv
thiaj	txawj	thiaj	ntse
nias	neej	nias	tsav
nkawd	kwv	nkawd	tij
yaum	kwv	yaum	tij
pom	tseeb	pom	tsum
tsis	saib	tsis	xyuas
ua	puj	ua	yawm
taw	tes	taw	taw
zoo	nyob	zoo	noj
ua	qab	ua	tsau
khiav	mus	khiav	los
zoo	siab	zoo	plawv
coob	leej	coob	tug
qee	leej	qee	tug
tsawv	neeb	tsawv	yaig
mis	tub	mis	nyuam
kuv	nuj	kuv	nqi
ntawd	noj	ntawd	haus
haum	teb	haum	chaw
tag	tub	tag	kiv
nrhiav	vaj	nrhiav	tsev
kiv	mus	kiv	los
tug	ntxhais	tug	vauv
nyias	mus	nyias	los
tim	nom	tim	tswv
has	kwv	has	tij
nwg	puj	nwg	yawm
qhua	noj	qhua	haus
txheeb	nuj	txheeb	nqi
ntuj	niam	ntuj	txiv
yus	roj	yus	ntshav
pov	ub	pov	no
nug	qab	nug	hauv
nrhiav	kwv	nrhiav	tij
kho	mob	kho	nkees
zoo	mob	zoo	nkees
xaav	quaj	xaav	nyav
hauv	mob	hauv	tuag
maaj	ntuj	maaj	teb
qai	tooj	qai	hlau
nti	mus	nti	los
ua	tseeb	ua	tsum
ntsis	ntaj	ntsis	riam
ncis	ntuj	ncis	teb
lub	luj	lub	miv
puas	nyiam	puas	hlub
hom	teb	hom	chaw
hmoob	teb	hmoob	chaw
suab	riam	suab	phom
hais	tseeb	hais	cuav
poob	nyaj	poob	txaj
zos	ub	zos	no
kawg	dag	kawg	zog
neeg	noj	neeg	haus
muag	teb	muag	chaw
me	liab	me	cuam
lob	dej	lob	taws
nwg	caij	nwg	nyoog
kuv	vaaj	kuv	tsev
kub	ntuj	kub	teb
hau	roob	hau	hav
saib	neej	saib	tsaav
muaj	laus	muaj	hluas
hom	roob	hom	hav
nav	ntaaj	nav	rag
dlhau	caij	dlhau	nyoog
raug	huab	raug	cua
tsawg	hnub	tsawg	hmo
thum	kwv	thum	tij
tsim	txuj	tsim	ci
tej	txuj	tej	ci
nyiam	txuj	nyiam	ci
pa	xyab	pa	ntawv
xav	paub	xav	hnov
lub	mob	lub	nkees
tej	fuab	tej	cua
ntawm	ntsej	ntawm	muag
nkim	siav	nkim	zog
muaj	seem	muaj	so
teg	dlej	teg	num
yuav	riam	yuav	phom
lawv	roob	lawv	haav
neeb	txwj	neeb	laus
tug	txawj	tug	ntse
nce	qib	nce	duas
chaw	caub	chaw	chim
tag	teb	tag	chaw
yus	paub	yus	pom
hmoob	kab	hmoob	kev
muaj	ncaj	muaj	ncees
khwv	iab	khwv	daw
nqi	zaub	nqi	mov
ceg	neej	ceg	tsav
cais	neej	cais	tsaav
uas	noj	uas	haus
tshawb	ub	tshawb	nuav
yam	tseeb	yam	cuav
mes	tub	mes	nyuam
moob	teej	moob	tug
kom	pom	kom	paub
xav	nyob	xav	sib
noob	neej	noob	dab
npe	phem	npe	zoo
koob	phem	koob	zoo
puv	zej	puv	zog
tas	zej	tas	zog
dos	quav	dos	zis
yeej	pom	yeej	paub
tus	phooj	tus	ywg
xav	txhij	xav	txhua
saub	ub	saub	no
roos	hnub	roos	hli
xaus	vaj	xaus	tsev
yoj	tes	yoj	taw
ko	riam	ko	txuas
kov	riam	kov	phom
hau	yeeb	hau	tshuaj
sab	phem	sab	zoo
tsws	deb	tsws	ze
ua	liab	ua	cuam
luag	coj	luag	ua
kuv	dlej	kuv	num
luag	dlej	luag	num
muaj	ub	muaj	no
muaj	nyab	muaj	ntxhais
muaj	paug	muaj	ntsis
qw	ub	qw	no
huv	zej	huv	zog
khu	mob	khu	nkees
cam	mus	cam	los
me	tes	me	taw
dig	lwj	dig	liam
noj	nyuj	noj	twm
